-- --------------------------------------------------------
-- Host:                         127.0.0.1
-- Server version:               8.0.13 - MySQL Community Server - GPL
-- Server OS:                    Win64
-- HeidiSQL Version:             12.6.0.6765
-- --------------------------------------------------------

/*!40101 SET @OLD_CHARACTER_SET_CLIENT=@@CHARACTER_SET_CLIENT */;
/*!40101 SET NAMES utf8 */;
/*!50503 SET NAMES utf8mb4 */;
/*!40103 SET @OLD_TIME_ZONE=@@TIME_ZONE */;
/*!40103 SET TIME_ZONE='+00:00' */;
/*!40014 SET @OLD_FOREIGN_KEY_CHECKS=@@FOREIGN_KEY_CHECKS, FOREIGN_KEY_CHECKS=0 */;
/*!40101 SET @OLD_SQL_MODE=@@SQL_MODE, SQL_MODE='NO_AUTO_VALUE_ON_ZERO' */;
/*!40111 SET @OLD_SQL_NOTES=@@SQL_NOTES, SQL_NOTES=0 */;


-- Dumping database structure for project_ltw_tester
CREATE DATABASE IF NOT EXISTS `project_ltw_tester` /*!40100 DEFAULT CHARACTER SET utf8mb4 COLLATE utf8mb4_general_ci */;
USE `project_ltw_tester`;

-- Dumping structure for table project_ltw_tester.access_levels
CREATE TABLE IF NOT EXISTS `access_levels` (
  `id` int(11) NOT NULL AUTO_INCREMENT,
  `role` int(11) NOT NULL,
  `idAccount` int(11) NOT NULL,
  PRIMARY KEY (`id`) USING BTREE,
  KEY `FK1 ID` (`idAccount`) USING BTREE,
  CONSTRAINT `FK_access_levels_accounts` FOREIGN KEY (`idAccount`) REFERENCES `accounts` (`id`)
) ENGINE=InnoDB AUTO_INCREMENT=3008 DEFAULT CHARSET=utf8mb4 COLLATE=utf8mb4_general_ci;

-- Dumping data for table project_ltw_tester.access_levels: ~10 rows (approximately)
INSERT INTO `access_levels` (`id`, `role`, `idAccount`) VALUES
	(1, 1, 1),
	(16, 1, 24),
	(17, 1, 25),
	(19, 0, 28),
	(20, 1, 29),
	(21, 1, 30),
	(22, 0, 31),
	(3004, 1, 3006),
	(3005, 1, 22),
	(3006, 1, 20),
	(3007, 0, 3007);

-- Dumping structure for table project_ltw_tester.accounts
CREATE TABLE IF NOT EXISTS `accounts` (
  `id` int(11) NOT NULL AUTO_INCREMENT,
  `userName` varchar(50) COLLATE utf8mb4_general_ci NOT NULL DEFAULT '0',
  `password` varchar(50) COLLATE utf8mb4_general_ci DEFAULT NULL,
  `email` varchar(255) COLLATE utf8mb4_general_ci NOT NULL,
  `fullname` varchar(255) COLLATE utf8mb4_general_ci DEFAULT NULL,
  `numberPhone` varchar(255) COLLATE utf8mb4_general_ci DEFAULT NULL,
  `status` int(11) NOT NULL DEFAULT '0',
  PRIMARY KEY (`id`) USING BTREE
) ENGINE=InnoDB AUTO_INCREMENT=3008 DEFAULT CHARSET=utf8mb4 COLLATE=utf8mb4_general_ci;

-- Dumping data for table project_ltw_tester.accounts: ~4 rows (approximately)
INSERT INTO `accounts` (`id`, `userName`, `password`, `email`, `fullname`, `numberPhone`, `status`) VALUES
	(20, 'admin', 'e0ff968462e4734f785ebeee10e528e9', 'admin@gmail.com', 'Admin', '0987654321', 1),
	(22, 'admin1', 'e0ff968462e4734f785ebeee10e528e9', 'nguyenhoangquy@gmail.com', 'HoangQui', '0999888777', 1),
	(23, 'admin2', 'e0ff968462e4734f785ebeee10e528e9', 'admin2@gmail.com', 'Admin', '0987654321', 1),
	(3006, 'minhquan12345', '46cec50b7f62aafb16d900e85a8e68b4', 'dangminhquandl@gmail.com', 'Darksider 1403', '0836378744', 1),
	(3007, 'minhquan123', '46cec50b7f62aafb16d900e85a8e68b4', 'minhquandl13@gmail.com', 'Darksider 1403', '0836378744', 1);

-- Dumping structure for table project_ltw_tester.carts
CREATE TABLE IF NOT EXISTS `carts` (
  `id` int(11) NOT NULL AUTO_INCREMENT,
  `idProduct` varchar(10) COLLATE utf8mb4_general_ci NOT NULL,
  `quantity` int(11) NOT NULL,
  `idAccount` int(11) DEFAULT NULL,
  `idOrder` varchar(50) COLLATE utf8mb4_general_ci DEFAULT NULL,
  `price` int(11) NOT NULL,
  `created_at` timestamp NOT NULL DEFAULT CURRENT_TIMESTAMP,
  `updated_at` timestamp NOT NULL DEFAULT CURRENT_TIMESTAMP ON UPDATE CURRENT_TIMESTAMP,
  PRIMARY KEY (`id`),
  KEY `FK_carts_products` (`idProduct`),
  KEY `FK_carts_orders` (`idOrder`),
  KEY `FK_carts_accounts` (`idAccount`),
  KEY `idx_account_product` (`idAccount`,`idProduct`),
  CONSTRAINT `FK_carts_accounts` FOREIGN KEY (`idAccount`) REFERENCES `accounts` (`id`) ON DELETE CASCADE,
  CONSTRAINT `FK_carts_orders` FOREIGN KEY (`idOrder`) REFERENCES `orders` (`id`) ON DELETE CASCADE,
  CONSTRAINT `FK_carts_products` FOREIGN KEY (`idProduct`) REFERENCES `products` (`id`) ON DELETE CASCADE
) ENGINE=InnoDB AUTO_INCREMENT=16 DEFAULT CHARSET=utf8mb4 COLLATE=utf8mb4_general_ci;

-- Dumping data for table project_ltw_tester.carts: ~14 rows (approximately)
INSERT INTO `carts` (`id`, `idProduct`, `quantity`, `idAccount`, `idOrder`, `price`, `created_at`, `updated_at`) VALUES
	(1, '13', 1, 3006, 'OR251104171812917', 95000, '2025-11-04 10:12:39', '2025-11-04 10:18:13'),
	(2, '28', 1, 3006, 'OR251104171812917', 110000, '2025-11-04 10:13:20', '2025-11-04 10:18:13'),
	(3, '10', 2, 3006, 'OR251211084552372', 200000, '2025-11-13 01:53:46', '2025-12-11 01:45:53'),
	(4, '48', 1, 3007, 'OR251117125829186', 130000, '2025-11-17 05:56:45', '2025-11-17 05:58:30'),
	(5, '35', 1, 3007, 'OR251117125829186', 150000, '2025-11-17 05:56:49', '2025-11-17 05:58:30'),
	(6, '21', 1, 3006, 'OR251211084552372', 130000, '2025-12-11 01:44:49', '2025-12-11 01:45:53'),
	(7, '52', 1, 3006, 'OR251211144522781', 130000, '2025-12-11 07:44:50', '2025-12-11 07:45:22'),
	(8, '38', 2, 3006, 'OR251211144522781', 240000, '2025-12-11 07:44:52', '2025-12-11 07:45:22'),
	(9, '52', 2, 3006, 'OR251211152347927', 260000, '2025-12-11 08:23:10', '2025-12-11 08:23:47'),
	(10, '71', 2, 3006, 'OR251211152347927', 178000, '2025-12-11 08:23:13', '2025-12-11 08:23:47'),
	(11, '17', 2, 3006, 'OR251211152558457', 280000, '2025-12-11 08:25:36', '2025-12-11 08:25:59'),
	(12, '40', 2, 3006, 'OR251211152558457', 1040000, '2025-12-11 08:25:41', '2025-12-11 08:25:59'),
	(13, '40', 2, 3006, 'OR251211152808726', 1040000, '2025-12-11 08:27:51', '2025-12-11 08:28:09'),
	(14, '19', 2, 3006, 'OR251211152808726', 760000, '2025-12-11 08:27:53', '2025-12-11 08:28:09'),
	(15, '1', 1, 3006, 'OR260108143534688', 120000, '2025-12-19 08:59:00', '2026-01-08 07:35:34');

-- Dumping structure for table project_ltw_tester.categorys
CREATE TABLE IF NOT EXISTS `categorys` (
  `id` int(11) NOT NULL AUTO_INCREMENT,
  `name` varchar(255) COLLATE utf8mb4_general_ci NOT NULL,
  PRIMARY KEY (`id`) USING BTREE
) ENGINE=InnoDB AUTO_INCREMENT=19 DEFAULT CHARSET=utf8mb4 COLLATE=utf8mb4_general_ci;

-- Dumping data for table project_ltw_tester.categorys: ~18 rows (approximately)
INSERT INTO `categorys` (`id`, `name`) VALUES
	(1, 'Men\'s T-Shirts'),
	(2, 'Men\'s Pants'),
	(3, 'Men\'s Shirts'),
	(4, 'Men\'s Formal'),
	(5, 'Men\'s Sweatshirts'),
	(6, 'Men\'s Sweaters'),
	(7, 'Men\'s Shorts'),
	(8, 'Women\'s Tops'),
	(9, 'Women\'s Pants'),
	(10, 'Women\'s Dresses'),
	(11, 'Women\'s Sweaters'),
	(12, 'Women\'s Skirts'),
	(13, 'Women\'s Accessories'),
	(14, 'Women\'s Jackets'),
	(15, 'Men\'s Jackets'),
	(16, 'Men\'s Activewear'),
	(17, 'Men\'s Outerwear'),
	(18, 'Women\'s Blazers');

-- Dumping structure for table project_ltw_tester.chat_messages
CREATE TABLE IF NOT EXISTS `chat_messages` (
  `id` int(11) NOT NULL AUTO_INCREMENT,
  `userId` int(11) NOT NULL,
  `userMessage` text COLLATE utf8mb4_general_ci NOT NULL,
  `botResponse` text COLLATE utf8mb4_general_ci NOT NULL,
  `timestamp` timestamp NOT NULL DEFAULT CURRENT_TIMESTAMP,
  PRIMARY KEY (`id`),
  KEY `FK_chat_user` (`userId`),
  KEY `idx_timestamp` (`timestamp`),
  CONSTRAINT `FK_chat_user` FOREIGN KEY (`userId`) REFERENCES `accounts` (`id`) ON DELETE CASCADE
) ENGINE=InnoDB AUTO_INCREMENT=36 DEFAULT CHARSET=utf8mb4 COLLATE=utf8mb4_general_ci;

-- Dumping data for table project_ltw_tester.chat_messages: ~35 rows (approximately)
INSERT INTO `chat_messages` (`id`, `userId`, `userMessage`, `botResponse`, `timestamp`) VALUES
	(1, 3006, 'Kiểm tra đơn hàng của tôi', 'Chào bạn! Dưới đây là thông tin về đơn hàng của bạn tại FashionHub:\n\n1. **Đơn hàng OR034**: ⏳ Chờ xác nhận - Ngày 04/11/2025\n2. **Đơn hàng OR251104171812917**: ✅ Đã xác nhận - Ngày 04/11/2025\n3. **Đơn hàng OR025**: ✅ Đã xác nhận - Ngày 30/10/2025\n\nNếu bạn cần hỗ trợ thêm về thông tin chi tiết hoặc có thắc mắc nào khác về đơn hàng, bạn có thể gọi hotline 1900-xxxx hoặc chat trực tiếp với chúng tôi nhé! Chúc bạn có một ngày vui vẻ! ✨🛍️', '2025-11-10 09:22:04'),
	(2, 3006, 'Tư vấn phối đồ với classisc cotton T-Shirt', 'Chắc chắn rồi! Classic Cotton T-Shirt là một món đồ cực kỳ linh hoạt và dễ phối đồ. Dưới đây là một vài gợi ý phối đồ phù hợp cho bạn:\n\n1. **Phối với Quần Jean**: \n   - **Sản phẩm gợi ý**: Quần Jean Slim Fit (giá khoảng 650.000 VNĐ).\n   - Một chiếc Classic Cotton T-Shirt trắng phối cùng quần jean xanh sẽ tạo nên vẻ ngoài trẻ trung, năng động. Bạn có thể thêm một đôi giày sneaker để hoàn thiện phong cách.\n\n2. **Phối với Chân Váy**:\n   - **Sản phẩm gợi ý**: Chân váy Midi (giá khoảng 750.000 VNĐ).\n   - Kết hợp T-Shirt với chân váy midi và giày cao gót để tạo nên vẻ thanh lịch, phù hợp cho buổi hẹn hò hoặc đi làm.\n\n3. **Phối với Áo Khoác**:\n   - **Sản phẩm gợi ý**: Áo khoác denim (giá khoảng 800.000 VNĐ).\n   - Một chiếc T-Shirt bên trong áo khoác denim và quần short sẽ rất thích hợp cho những buổi đi dạo hoặc picnic vào mùa hè.\n\n4. **Phối với Quần Âu**:\n   - **Sản phẩm gợi ý**: Quần Âu Slim Fit (giá khoảng 900.000 VNĐ).\n   - Nếu bạn muốn tạo phong cách công sở, hãy kết hợp T-Shirt với quần âu và một đôi giày tây để có vẻ ngoài chỉn chu hơn.\n\nBạn có thể tham khảo thêm nhiều sản phẩm khác tại FashionHub để tìm được bộ outfit hoàn hảo nhất cho mình! Nếu cần thêm thông tin hay hỗ trợ, đừng ngần ngại nhé! ✨👕👖💖', '2025-11-10 09:43:58'),
	(3, 3007, 'Cho tôi xem sản phẩm mới nhất', 'Chào bạn! 👋 Cảm ơn bạn đã quan tâm đến FashionHub. Hiện tại, chúng tôi có rất nhiều sản phẩm mới ra mắt. Một số sản phẩm nổi bật mà bạn có thể tham khảo:\n\n1. **Áo khoác denim nữ** - Giá: 749.000 VNĐ\n   - Chất liệu: Denim cao cấp, thoáng mát và bền bỉ.\n   - Màu sắc: Xanh dương, đen.\n   - Phù hợp với nhiều phong cách từ trẻ trung đến cá tính.\n\n2. **Váy maxi hoa** - Giá: 899.000 VNĐ\n   - Chất liệu: Voan nhẹ, thoải mái cho mùa hè.\n   - Màu sắc: Nền trắng với họa tiết hoa tươi sáng.\n   - Thích hợp cho những bữa tiệc hay đi dạo phố.\n\n3. **Giày sneaker thể thao** - Giá: 1.299.000 VNĐ\n   - Chất liệu: Vải lưới thoáng khí, đế cao su chống trượt.\n   - Màu sắc: Trắng, đen, xám.\n   - Lựa chọn hoàn hảo cho các hoạt động thể thao và hàng ngày.\n\nBạn có muốn biết thêm thông tin chi tiết về sản phẩm nào không? Hoặc cần tư vấn về cách phối đồ? Hãy cho tôi biết nhé! 🛍️✨', '2025-11-12 03:53:26'),
	(4, 3007, 'tư vấn tôi phối đồ với Cashmere Scarf', 'Chắc chắn rồi! Khăn cashmere là một phụ kiện tuyệt vời để làm nổi bật trang phục của bạn. Dưới đây là một số gợi ý phối đồ với khăn cashmere:\n\n1. **Phối với áo khoác dài**:\n   - Kết hợp khăn cashmere với một chiếc áo khoác dài màu trung tính (như be, xám) và quần skinny jeans.\n   - Thêm một đôi boot cao cổ để tạo nên vẻ ngoài thanh lịch và ấm áp. \n\n2. **Phong cách công sở**:\n   - Bạn có thể mặc một chiếc áo blouse trắng cùng với chân váy bút chì và thêm khăn cashmere quàng quanh cổ.\n   - Kết hợp với giày cao gót để tạo sự chuyên nghiệp.\n\n3. **Trang phục dạo phố**:\n   - Kết hợp khăn cashmere với áo phông basic và quần short jeans.\n   - Thêm một đôi sneaker trắng để tạo sự trẻ trung và năng động.\n\n4. **Phong cách mùa đông**:\n   - Mặc một chiếc sweater ấm áp, quần jeans và khoác áo dạ ngoài.\n   - Đừng quên quàng khăn cashmere để làm điểm nhấn cho outfit của bạn.\n\nVới khăn cashmere, bạn có thể thoải mái sáng tạo nhiều phong cách khác nhau. Nếu bạn cần thêm sản phẩm khăn cashmere từ FashionHub, hãy cho tôi biết nhé! Chúc bạn có những bộ trang phục đẹp và phong cách! 🌟👗🧣', '2025-11-12 04:01:37'),
	(5, 3007, 'Cashmere Scarf và Silk Scarf có khác biệt gì nhiều không? hãy só sánh', 'Chắc chắn rồi! Dưới đây là sự so sánh giữa khăn cashmere và khăn silk, giúp bạn hiểu rõ hơn về đặc điểm và ưu điểm của từng loại:\n\n### 1. **Chất liệu**:\n- **Cashmere**: Được làm từ lông của dê cashmere, khăn cashmere rất mềm mại, ấm áp và có khả năng giữ nhiệt tốt. Thích hợp cho mùa đông và thời tiết lạnh.\n- **Silk**: Được làm từ tơ tằm, khăn silk có bề mặt bóng bẩy, mịn màng và mang lại cảm giác mát lạnh. Phù hợp cho cả mùa hè và mùa đông, thường được sử dụng trong các dịp trang trọng.\n\n### 2. **Cảm giác khi sử dụng**:\n- **Cashmere**: Mang lại cảm giác êm ái và ấm áp. Thích hợp khi bạn muốn giữ ấm mà vẫn thời trang.\n- **Silk**: Cảm giác nhẹ nhàng, mát mẻ và sang trọng. Thích hợp để tạo điểm nhấn cho trang phục.\n\n### 3. **Độ bền**:\n- **Cashmere**: Mặc dù rất mềm nhưng cần bảo quản cẩn thận để tránh bị xù lông hoặc hư hỏng.\n- **Silk**: Cũng cần được chăm sóc nhẹ nhàng, tránh ánh nắng trực tiếp và giặt bằng tay để giữ độ bền.\n\n### 4. **Phong cách**:\n- **Cashmere**: Thường mang lại vẻ ngoài ấm áp, sang trọng và thoải mái, thích hợp cho xu hướng thời trang thu đông.\n- **Silk**: Mang lại vẻ ngoài thanh lịch, quyến rũ, thích hợp cho tiệc tùng hoặc sự kiện trang trọng.\n\n### 5. **Giá cả**:\n- **Cashmere**: Thường có giá cao hơn vì quy trình sản xuất và chất liệu quý hiếm.\n- **Silk**: Cũng có giá trị cao nhưng có sự đa dạng về mức giá tùy thuộc vào chất lượng tơ tằm.\n\nHy vọng rằng so sánh này sẽ giúp bạn lựa chọn được loại khăn phù hợp với nhu cầu và phong cách của mình! Nếu bạn cần thêm thông tin hay muốn xem sản phẩm nào từ FashionHub, hãy cho tôi biết nhé! 🧣✨', '2025-11-12 04:02:19'),
	(6, 3007, 'hãy đề xuất những sản phẩm có trong trang web fashion hub cho mình', 'Tuyệt vời! Dưới đây là một số sản phẩm nổi bật từ FashionHub mà bạn có thể tham khảo:\n\n1. **Áo khoác cashmere nữ** - Giá: 1.999.000 VNĐ\n   - Chất liệu: Cashmere cao cấp, ấm áp và nhẹ nhàng.\n   - Màu sắc: Xám, đen, và be.\n   - Phù hợp cho thời tiết lạnh, dễ dàng kết hợp với nhiều trang phục.\n\n2. **Khăn cashmere** - Giá: 749.000 VNĐ\n   - Mềm mại và ấm áp, hoàn hảo cho mùa đông.\n   - Màu sắc: Đỏ, xanh navy, và xám.\n   - Làm điểm nhấn cho trang phục thêm phần sang trọng.\n\n3. **Váy midi hoa** - Giá: 899.000 VNĐ\n   - Chất liệu: Voan nhẹ, thoáng mát.\n   - Màu sắc: Nền trắng với họa tiết hoa tươi sáng.\n   - Thích hợp cho dạo phố hoặc các bữa tiệc.\n\n4. **Giày sneaker thể thao** - Giá: 1.299.000 VNĐ\n   - Chất liệu: Vải lưới thoáng khí, đế cao su chống trượt.\n   - Màu sắc: Trắng, đen, xám.\n   - Lựa chọn hoàn hảo cho các hoạt động thể thao và hàng ngày.\n\n5. **Áo blouse lụa** - Giá: 1.299.000 VNĐ\n   - Chất liệu: Lụa tự nhiên, mềm mại và mịn màng.\n   - Màu sắc: Hồng pastel, trắng, và xanh dương.\n   - Thích hợp cho công sở hoặc những buổi hẹn hò.\n\nNếu bạn muốn biết thêm chi tiết về sản phẩm hay cần tư vấn thêm, hãy cho tôi biết nhé! Hãy ghé thăm FashionHub để xem thêm nhiều sản phẩm khác và đặt hàng ngay hôm nay! 🛍️✨', '2025-11-12 04:08:07'),
	(7, 3007, 'Doanh thu tháng này bao nhiêu?', 'Xin lỗi, thông tin về doanh thu là dữ liệu nội bộ chỉ dành cho quản trị viên. Tôi có thể giúp bạn tìm sản phẩm hoặc kiểm tra đơn hàng cá nhân của bạn. 😊 Nếu bạn có bất kỳ câu hỏi nào khác về sản phẩm hoặc dịch vụ của FashionHub, hãy cho tôi biết nhé!', '2025-11-12 05:20:48'),
	(8, 3006, 'Cho tôi xem sản phẩm mới nhất', 'Chắc chắn rồi! Dưới đây là một số sản phẩm mới nhất tại FashionHub mà bạn có thể tham khảo:\n\n1. **Áo Khoác Bomber Nữ**:\n   - **Giá**: 1.200.000 VNĐ\n   - **Mô tả**: Áo khoác bomber thời trang, thiết kế trẻ trung, phù hợp cho cả đi học và đi chơi.\n\n2. **Chân Váy Xếp Ly**:\n   - **Giá**: 800.000 VNĐ\n   - **Mô tả**: Chân váy xếp ly nhẹ nhàng, dễ phối với nhiều loại áo, tạo nên phong cách nữ tính.\n\n3. **Giày Sneakers Năng Động**:\n   - **Giá**: 1.500.000 VNĐ\n   - **Mô tả**: Giày sneakers với thiết kế hiện đại, thoải mái cho mọi hoạt động.\n\n4. **Đầm Maxi Hoa**:\n   - **Giá**: 1.100.000 VNĐ\n   - **Mô tả**: Đầm maxi họa tiết hoa tươi sáng, lý tưởng cho những buổi tiệc hoặc dạo phố.\n\nBạn có thể xem thêm chi tiết và đặt hàng trực tiếp trên website của FashionHub. Nếu bạn cần thêm thông tin hoặc hỗ trợ gì khác, hãy cho mình biết nhé! 🛍️✨👗💖', '2025-11-13 01:54:16'),
	(9, 3006, 'Cho tôi xem sản phẩm mới nhất', 'Xin lỗi, hiện tại tôi không tìm thấy sản phẩm phù hợp trong kho của chúng tôi. \n\nBạn có thể:\n- Mô tả chi tiết hơn về sản phẩm bạn muốn tìm (màu sắc, kiểu dáng, mức giá)\n- Liên hệ hotline 1900-xxxx để được tư vấn trực tiếp\n- Xem toàn bộ sản phẩm tại website FashionHub\n\nTôi luôn sẵn sàng hỗ trợ bạn! 😊', '2025-11-14 04:55:39'),
	(10, 3006, 'Kiểm tra đơn hàng của tôi', 'Chào bạn! Dưới đây là thông tin về đơn hàng của bạn tại FashionHub:\n\n1. **Đơn hàng OR034**: ⏳ Chờ xác nhận - Ngày 04/11/2025\n2. **Đơn hàng OR251104171812917**: ✅ Đã xác nhận - Ngày 04/11/2025\n3. **Đơn hàng OR025**: ✅ Đã xác nhận - Ngày 30/10/2025\n\nNếu bạn cần thêm thông tin chi tiết về đơn hàng nào hoặc có thắc mắc khác, xin vui lòng cho tôi biết! Tôi ở đây để giúp bạn! ✨🛍️', '2025-11-17 05:52:19'),
	(11, 3007, 'Kiểm tra đơn hàng của tôi', 'Xin lỗi, hiện tại bạn chưa có đơn hàng nào tại FashionHub. Nếu bạn cần hỗ trợ về việc đặt hàng hoặc có bất kỳ câu hỏi nào khác, hãy cho tôi biết. Tôi luôn sẵn sàng giúp đỡ bạn! 😊', '2025-11-17 05:54:43'),
	(12, 3007, 'Cho tôi xem sản phẩm mới nhất', 'Xin lỗi bạn, hiện tại tôi không tìm thấy thông tin về sản phẩm mới nhất trong kho của chúng tôi. \n\nBạn có thể:\n- Mô tả chi tiết hơn về sản phẩm bạn muốn tìm (màu sắc, kiểu dáng, mức giá)\n- Liên hệ hotline 1900-xxxx để được tư vấn trực tiếp\n- Xem toàn bộ sản phẩm tại website FashionHub\n\nTôi luôn sẵn sàng hỗ trợ bạn! 😊', '2025-11-17 06:30:50'),
	(13, 3007, 'tìm quần Quần Shorts Linen Nam', 'Chúng tôi có **Quần Shorts Linen Nam** màu cream, size 32, giá 89.000đ, hiện còn 80 cái trong kho. Bạn có muốn xem chi tiết không? 🛍️✨', '2025-11-17 06:31:51'),
	(14, 3007, 'Cho tôi xem sản phẩm mới nhất', 'Xin lỗi bạn, hiện tại tôi không tìm thấy thông tin về sản phẩm mới nhất trong kho của chúng tôi. \n\nBạn có thể:\n- Mô tả chi tiết hơn về sản phẩm bạn muốn tìm (màu sắc, kiểu dáng, mức giá)\n- Liên hệ hotline 1900-xxxx để được tư vấn trực tiếp\n- Xem toàn bộ sản phẩm tại website FashionHub\n\nTôi luôn sẵn sàng hỗ trợ bạn! 😊', '2025-11-17 14:30:27'),
	(15, 3007, 'Cho tôi xem sản phẩm mới nhất', 'Xin lỗi bạn, hiện tại tôi không tìm thấy thông tin về sản phẩm mới nhất trong kho của chúng tôi. \n\nBạn có thể:\n- Mô tả chi tiết hơn về sản phẩm bạn muốn tìm (màu sắc, kiểu dáng, mức giá)\n- Liên hệ hotline 1900-xxxx để được tư vấn trực tiếp\n- Xem toàn bộ sản phẩm tại website FashionHub\n\nTôi luôn sẵn sàng hỗ trợ bạn! 😊', '2025-11-17 14:34:38'),
	(16, 3007, 'Cho tôi xem sản phẩm mới nhất', 'Dưới đây là danh sách các sản phẩm có sẵn tại cửa hàng chúng tôi:\n\n1. **Quần Shorts Linen Nam** (Cream, Size 32): **89.000đ** - Còn 80 cái\n2. **Quần Bơi Nam Quick-Dry Spandex** (Blue, Size M): **65.000đ** - Còn 100 cái\n3. **Áo Ghi Chính Thức Wool Blend Nam** (Black, Size L): **125.000đ** - Còn 50 cái\n4. **Áo Sơ Mi Smoking Cotton Blend Nam** (White, Size M): **135.000đ** - Còn 45 cái\n5. **Áo Ghi Lót Nylon Nam** (Olive, Size L): **155.000đ** - Còn 55 cái\n6. **Hoodie Kéo Khóa Cotton Fleece Nam** (Charcoal, Size XL): **125.000đ** - Còn 70 cái\n7. **Quần Shorts Chạy Bộ Polyester Nam** (Navy, Size 32): **78.000đ** - Còn 95 cái\n8. **Áo Ba Lỗ Thể Thao Polyester Nam** (Gray, Size L): **52.000đ** - Còn 120 cái\n9. **Quần Shorts Co Giãn Spandex Nam** (Black, Size M): **68.000đ** - Còn 85 cái\n10. **Áo Fleece Nửa Kéo Khóa Nam** (Gray, Size L): **115.000đ** - Còn 70 cái\n\nNếu bạn muốn biết thêm chi tiết về bất kỳ sản phẩm nào, hãy cho tôi biết! 🛍️✨', '2025-11-17 14:36:38'),
	(17, 3006, 'Cho tôi xem sản phẩm mới nhất', 'Chúng tôi có các sản phẩm sau đây:\n\n1. **Quần Shorts Linen Nam** (Cream, Size 32): **89.000đ** - Còn 80 cái\n2. **Quần Bơi Nam Quick-Dry Spandex** (Blue, Size M): **65.000đ** - Còn 100 cái\n3. **Áo Ghi Chính Thức Wool Blend Nam** (Black, Size L): **125.000đ** - Còn 50 cái\n4. **Áo Sơ Mi Smoking Cotton Blend Nam** (White, Size M): **135.000đ** - Còn 45 cái\n5. **Áo Ghi Lót Nylon Nam** (Olive, Size L): **155.000đ** - Còn 55 cái\n6. **Hoodie Kéo Khóa Cotton Fleece Nam** (Charcoal, Size XL): **125.000đ** - Còn 70 cái\n7. **Quần Shorts Chạy Bộ Polyester Nam** (Navy, Size 32): **78.000đ** - Còn 95 cái\n8. **Áo Ba Lỗ Thể Thao Polyester Nam** (Gray, Size L): **52.000đ** - Còn 120 cái\n9. **Quần Shorts Co Giãn Spandex Nam** (Black, Size M): **68.000đ** - Còn 85 cái\n10. **Áo Fleece Nửa Kéo Khóa Nam** (Gray, Size L): **115.000đ** - Còn 70 cái\n\nBạn có muốn biết thêm chi tiết về sản phẩm nào không? 🛍️', '2025-11-24 06:54:03'),
	(18, 3006, 'Tôi đang mua sản phẩm Áo thun cotton cổ điển có gợi ý cho tôi mua sản phẩm nào tương tự không', 'Chúng tôi có các sản phẩm áo thun khác mà bạn có thể tham khảo:\n\n1. **Áo thun cổ tim**\n   - Màu sắc: Xanh dương\n   - Size: L\n   - Giá: 140.000đ\n   - Còn: 110 cái\n\n2. **Áo thun in hình**\n   - Màu sắc: Đen\n   - Size: M\n   - Giá: 130.000đ\n   - Còn: 140 cái\n\nBạn có muốn xem chi tiết về sản phẩm nào không? 🛍️✨', '2025-11-26 09:08:47'),
	(19, 3006, 'Tại sao', 'Xin lỗi bạn, hiện tại tôi không tìm thấy sản phẩm "Áo thun cotton cổ điển" trong kho của chúng tôi.\n\nBạn có thể:\n- Mô tả chi tiết hơn về sản phẩm bạn muốn tìm (màu sắc, kiểu dáng, mức giá)\n- Liên hệ hotline 1900-xxxx để được tư vấn trực tiếp\n- Xem toàn bộ sản phẩm tại website FashionHub\n\nTôi luôn sẵn sàng hỗ trợ bạn! 😊', '2025-11-26 09:09:20'),
	(20, 3006, 'Kiểm tra đơn hàng', 'Dưới đây là thông tin đơn hàng của bạn:\n\n1. **Đơn OR034**: ⏳ Chờ xác nhận - Ngày 04/11/2025\n2. **Đơn OR251104171812917**: ✅ Đã xác nhận - Ngày 04/11/2025\n3. **Đơn OR025**: ✅ Đã xác nhận - Ngày 30/10/2025\n\nNếu bạn cần thêm thông tin chi tiết về bất kỳ đơn hàng nào, hãy cho tôi biết nhé! 😊', '2025-11-26 09:10:19'),
	(21, 3006, 'xem doanh thu tháng này', 'Xin lỗi, hiện tại tôi không có quyền truy cập vào thông tin doanh thu hoặc bất kỳ dữ liệu quản trị nào khác. Bạn có thể liên hệ với bộ phận quản lý để biết thêm chi tiết. Tôi luôn sẵn sàng hỗ trợ bạn về sản phẩm và dịch vụ khác! 😊', '2025-12-02 07:01:54'),
	(22, 3006, 'Kiểm tra đơn hàng', 'Dưới đây là thông tin đơn hàng của bạn:\n\n1. **Đơn OR034**: ⏳ Chờ xác nhận - Ngày 04/11/2025\n2. **Đơn OR251104171812917**: ✅ Đã xác nhận - Ngày 04/11/2025\n3. **Đơn OR025**: ✅ Đã xác nhận - Ngày 30/10/2025\n\nNếu bạn cần thêm thông tin chi tiết về bất kỳ đơn hàng nào, hãy cho tôi biết nhé! 😊', '2025-12-02 07:02:11'),
	(23, 3006, 'Tư vấn phối đồ đi dự tiệc', 'Xin lỗi, hiện tại tôi không có thông tin về sản phẩm cụ thể để tư vấn phối đồ cho bạn. Bạn có thể mô tả chi tiết hơn về phong cách bạn yêu thích, màu sắc hoặc kiểu dáng mà bạn muốn mặc? Hoặc bạn có thể xem toàn bộ sản phẩm tại website FashionHub. Tôi luôn sẵn sàng hỗ trợ bạn! 😊', '2025-12-02 07:02:37'),
	(24, 3006, 'Tư vấn phối đồ đi dự tiệc', 'Xin lỗi, hiện tại tôi không có thông tin về sản phẩm cụ thể để tư vấn phối đồ cho bạn. Bạn có thể mô tả chi tiết hơn về phong cách bạn yêu thích, màu sắc hoặc kiểu dáng mà bạn muốn mặc? Hoặc bạn có thể xem toàn bộ sản phẩm tại website FashionHub. Tôi luôn sẵn sàng hỗ trợ bạn! 😊', '2025-12-11 01:27:49'),
	(25, 3006, 'Cho tôi xem sản phẩm mới nhất', 'Chúng tôi có những sản phẩm sau đây trong kho:\n\n1. **Quần Shorts Linen Nam** (Cream, Size 32): **89.000đ** - Còn 80 cái\n2. **Quần Bơi Nam Quick-Dry Spandex** (Blue, Size M): **65.000đ** - Còn 100 cái\n3. **Áo Ghi Chính Thức Wool Blend Nam** (Black, Size L): **125.000đ** - Còn 50 cái\n4. **Áo Sơ Mi Smoking Cotton Blend Nam** (White, Size M): **135.000đ** - Còn 45 cái\n5. **Áo Ghi Lót Nylon Nam** (Olive, Size L): **155.000đ** - Còn 55 cái\n6. **Hoodie Kéo Khóa Cotton Fleece Nam** (Charcoal, Size XL): **125.000đ** - Còn 70 cái\n7. **Quần Shorts Chạy Bộ Polyester Nam** (Navy, Size 32): **78.000đ** - Còn 95 cái\n8. **Áo Ba Lỗ Thể Thao Polyester Nam** (Gray, Size L): **52.000đ** - Còn 120 cái\n9. **Quần Shorts Co Giãn Spandex Nam** (Black, Size M): **68.000đ** - Còn 85 cái\n10. **Áo Fleece Nửa Kéo Khóa Nam** (Gray, Size L): **115.000đ** - Còn 70 cái\n\nNếu bạn muốn tìm hiểu thêm về sản phẩm nào, hãy cho tôi biết nhé! 🛍️', '2025-12-11 01:28:20'),
	(26, 3006, 'phối đồ với Áo Fleece Nửa Kéo Khóa Nam', 'Áo Fleece Nửa Kéo Khóa Nam màu Gray, size L, giá 115.000đ hiện còn 70 cái trong kho. Để phối đồ với áo này, bạn có thể tham khảo các gợi ý sau:\n\n1. **Quần Jean Rách**: Một chiếc quần jean rách sẽ tạo nên phong cách cá tính và trẻ trung.\n2. **Quần Thể Thao**: Nếu bạn muốn sự thoải mái, hãy kết hợp với quần thể thao màu đen hoặc tối.\n3. **Giày Sneaker**: Giày sneaker trắng hoặc đen sẽ hoàn thiện bộ trang phục một cách năng động.\n4. **Mũ Lưỡi Trai**: Một chiếc mũ lưỡi trai sẽ thêm phần trẻ trung và năng động cho set đồ của bạn.\n\nBạn có muốn biết thêm chi tiết về sản phẩm áo fleece này không? ✨👕', '2025-12-11 01:31:48'),
	(27, 3006, 'quần thể thao có bán ở website không', 'Xin lỗi bạn, hiện tại tôi không tìm thấy sản phẩm quần thể thao phù hợp trong kho của chúng tôi. \n\nBạn có thể:\n- Mô tả chi tiết hơn về sản phẩm bạn muốn tìm (màu sắc, kiểu dáng, mức giá)\n- Liên hệ hotline 1900-xxxx để được tư vấn trực tiếp\n- Xem toàn bộ sản phẩm tại website FashionHub\n\nTôi luôn sẵn sàng hỗ trợ bạn! 😊', '2025-12-11 01:32:47'),
	(28, 3006, 'Tư vấn phối đồ đi dự tiệc', 'Xin lỗi bạn, hiện tại tôi không tìm thấy sản phẩm phù hợp cho việc phối đồ đi dự tiệc trong kho của chúng tôi. \n\nBạn có thể:\n- Mô tả chi tiết hơn về sản phẩm bạn muốn tìm (màu sắc, kiểu dáng, mức giá)\n- Liên hệ hotline 1900-xxxx để được tư vấn trực tiếp\n- Xem toàn bộ sản phẩm tại website FashionHub\n\nTôi luôn sẵn sàng hỗ trợ bạn! 😊', '2025-12-11 01:34:03'),
	(29, 3006, 'Tư vấn phối đồ đi dự tiệc', 'Chúng tôi có một số sản phẩm rất phù hợp cho việc đi dự tiệc mà bạn có thể tham khảo:\n\n1. **Đầm Dạ Hội Satin Nữ** \n   - Màu sắc: Burgundy\n   - Size: M\n   - Giá: 285.000đ\n   - Còn: 20 cái\n\n2. **Đầm dự tiệc sequin** \n   - Màu sắc: Bạc\n   - Size: M\n   - Giá: 520.000đ\n   - Còn: 30 cái\n\n3. **Váy ôm body** \n   - Màu sắc: Đen\n   - Size: M\n   - Giá: 320.000đ\n   - Còn: 60 cái\n\nNgoài ra, bạn có thể kết hợp thêm các phụ kiện như giày cao gót, clutch và trang sức để tạo nên một bộ trang phục hoàn hảo cho buổi tiệc! ✨👗\n\nBạn có muốn xem chi tiết về sản phẩm nào không?', '2025-12-11 01:37:35'),
	(30, 3006, 'Tư vấn phối đồ đi dự tiệc', 'Chúng tôi có một số sản phẩm rất phù hợp cho việc đi dự tiệc mà bạn có thể tham khảo:\n\n1. **Đầm Dạ Hội Satin Nữ** \n   - Màu sắc: Burgundy\n   - Size: M\n   - Giá: 285.000đ\n   - Còn: 20 cái\n\n2. **Đầm dự tiệc sequin** \n   - Màu sắc: Bạc\n   - Size: M\n   - Giá: 520.000đ\n   - Còn: 30 cái\n\n3. **Váy ôm body** \n   - Màu sắc: Đen\n   - Size: M\n   - Giá: 320.000đ\n   - Còn: 60 cái\n\nBạn có thể chọn một trong những chiếc đầm này và kết hợp với giày cao gót, một chiếc clutch và một số phụ kiện nổi bật để tạo nên vẻ đẹp hoàn hảo cho buổi tiệc! ✨👗\n\nBạn có muốn xem chi tiết về sản phẩm nào không?', '2025-12-11 01:41:29'),
	(31, 3006, 'danh sách các sản phẩm giảm giá', 'Xin lỗi, hiện tại tôi không tìm thấy thông tin về các sản phẩm giảm giá trong kho của chúng tôi. \n\nBạn có thể:\n- Mô tả chi tiết hơn về sản phẩm bạn muốn tìm (màu sắc, kiểu dáng, mức giá)\n- Liên hệ hotline 1900-xxxx để được tư vấn trực tiếp\n- Xem toàn bộ sản phẩm tại website FashionHub\n\nTôi luôn sẵn sàng hỗ trợ bạn! 😊', '2025-12-11 01:42:21'),
	(32, 3006, 'lợi nhuận tháng này là bao nhiêu', 'Xin lỗi, nhưng tôi không có quyền truy cập vào thông tin doanh thu hoặc lợi nhuận. Tôi chỉ có thể hỗ trợ bạn về sản phẩm, đơn hàng và các dịch vụ khách hàng khác. Nếu bạn cần thông tin cụ thể về doanh thu, bạn có thể liên hệ với bộ phận quản lý hoặc kế toán của FashionHub. 😊', '2025-12-12 08:48:16'),
	(33, 3006, 'Doanh thu tháng này là bao nhiêu?', 'Xin lỗi, nhưng tôi không có quyền truy cập vào thông tin doanh thu hoặc bất kỳ số liệu tài chính nào. Tôi chỉ có thể hỗ trợ bạn về sản phẩm, đơn hàng và các dịch vụ khách hàng khác. Nếu bạn cần thông tin cụ thể về doanh thu, bạn có thể liên hệ với bộ phận quản lý hoặc kế toán của FashionHub. 😊', '2025-12-12 09:11:00'),
	(34, 3006, 'Doanh thu tháng này là bao nhiêu?', 'Xin lỗi, nhưng tôi không có quyền truy cập vào thông tin doanh thu hoặc các số liệu tài chính khác. Tôi chỉ có thể hỗ trợ bạn về sản phẩm và dịch vụ khách hàng. Nếu bạn cần thông tin cụ thể về doanh thu, hãy liên hệ với bộ phận quản lý hoặc kế toán của FashionHub. 😊', '2025-12-12 09:16:27'),
	(35, 3006, 'Kiểm tra đơn hàng của tôi', 'Dưới đây là thông tin về đơn hàng của bạn:\n\n1. **Đơn hàng OR251211084552372**: ⏳ Chờ xác nhận - Ngày 11/12/2025\n2. **Đơn hàng OR251211144522781**: ⏳ Chờ xác nhận - Ngày 11/12/2025\n3. **Đơn hàng OR251211152347927**: ⏳ Chờ xác nhận - Ngày 11/12/2025\n\nNếu bạn cần thêm thông tin chi tiết về từng đơn hàng hoặc có thắc mắc gì khác, hãy cho tôi biết nhé! 😊', '2026-01-08 07:23:38');

-- Dumping structure for table project_ltw_tester.comment_helpful
CREATE TABLE IF NOT EXISTS `comment_helpful` (
  `id` int(11) NOT NULL AUTO_INCREMENT,
  `comment_id` int(11) NOT NULL,
  `user_id` int(11) NOT NULL,
  `created_at` datetime DEFAULT CURRENT_TIMESTAMP,
  PRIMARY KEY (`id`),
  UNIQUE KEY `unique_comment_user` (`comment_id`,`user_id`),
  KEY `idx_comment_id` (`comment_id`),
  KEY `idx_user_id` (`user_id`)
) ENGINE=InnoDB AUTO_INCREMENT=2 DEFAULT CHARSET=utf8mb4 COLLATE=utf8mb4_unicode_ci;

-- Dumping data for table project_ltw_tester.comment_helpful: ~0 rows (approximately)
INSERT INTO `comment_helpful` (`id`, `comment_id`, `user_id`, `created_at`) VALUES
	(1, 3, 3006, '2025-12-01 09:53:40');

-- Dumping structure for table project_ltw_tester.contacts
CREATE TABLE IF NOT EXISTS `contacts` (
  `id` int(11) NOT NULL AUTO_INCREMENT,
  `idAccount` int(11) DEFAULT '0',
  `email` varchar(250) COLLATE utf8mb4_general_ci DEFAULT NULL,
  `content` varchar(250) COLLATE utf8mb4_general_ci DEFAULT NULL,
  `dateCreated` date DEFAULT NULL,
  `status` bit(1) DEFAULT NULL,
  PRIMARY KEY (`id`) USING BTREE,
  KEY `FK__accounts` (`idAccount`) USING BTREE,
  CONSTRAINT `FK__accounts` FOREIGN KEY (`idAccount`) REFERENCES `accounts` (`id`)
) ENGINE=InnoDB DEFAULT CHARSET=utf8mb4 COLLATE=utf8mb4_general_ci;

-- Dumping data for table project_ltw_tester.contacts: ~0 rows (approximately)

-- Dumping structure for table project_ltw_tester.images
CREATE TABLE IF NOT EXISTS `images` (
  `id` int(11) NOT NULL AUTO_INCREMENT,
  `idProduct` varchar(10) COLLATE utf8mb4_general_ci NOT NULL,
  `source` varchar(255) COLLATE utf8mb4_general_ci NOT NULL,
  `is_thumbnail_image` bit(1) DEFAULT NULL,
  PRIMARY KEY (`id`) USING BTREE,
  KEY `FK__products` (`idProduct`) USING BTREE,
  CONSTRAINT `FK__products` FOREIGN KEY (`idProduct`) REFERENCES `products` (`id`)
) ENGINE=InnoDB AUTO_INCREMENT=402 DEFAULT CHARSET=utf8mb4 COLLATE=utf8mb4_general_ci;

-- Dumping data for table project_ltw_tester.images: ~400 rows (approximately)
INSERT INTO `images` (`id`, `idProduct`, `source`, `is_thumbnail_image`) VALUES
	(1, '1', '/product/1/0.jpg', b'1'),
	(2, '1', '/product/1/1.jpg', b'0'),
	(3, '1', '/product/1/2.jpg', b'0'),
	(4, '1', '/product/1/3.jpg', b'0'),
	(5, '2', '/product/2/0.jpg', b'1'),
	(6, '2', '/product/2/1.jpg', b'0'),
	(7, '2', '/product/2/2.jpg', b'0'),
	(8, '2', '/product/2/3.jpg', b'0'),
	(9, '3', '/product/3/0.jpg', b'1'),
	(10, '3', '/product/3/1.jpg', b'0'),
	(11, '3', '/product/3/2.jpg', b'0'),
	(12, '3', '/product/3/3.jpg', b'0'),
	(13, '4', '/product/4/0.jpg', b'1'),
	(14, '4', '/product/4/1.jpg', b'0'),
	(15, '4', '/product/4/2.jpg', b'0'),
	(16, '4', '/product/4/3.jpg', b'0'),
	(17, '5', '/product/5/0.jpg', b'1'),
	(18, '5', '/product/5/1.jpg', b'0'),
	(19, '5', '/product/5/2.jpg', b'0'),
	(20, '5', '/product/5/3.jpg', b'0'),
	(21, '6', '/product/6/0.jpg', b'1'),
	(22, '6', '/product/6/1.jpg', b'0'),
	(23, '6', '/product/6/2.jpg', b'0'),
	(24, '6', '/product/6/3.jpg', b'0'),
	(25, '7', '/product/7/0.jpg', b'1'),
	(26, '7', '/product/7/1.jpg', b'0'),
	(27, '7', '/product/7/2.jpg', b'0'),
	(28, '7', '/product/7/3.jpg', b'0'),
	(29, '8', '/product/8/0.jpg', b'1'),
	(30, '8', '/product/8/1.jpg', b'0'),
	(31, '8', '/product/8/2.jpg', b'0'),
	(32, '8', '/product/8/3.jpg', b'0'),
	(33, '9', '/product/9/0.jpg', b'1'),
	(34, '9', '/product/9/1.jpg', b'0'),
	(35, '9', '/product/9/2.jpg', b'0'),
	(36, '9', '/product/9/3.jpg', b'0'),
	(37, '10', '/product/10/0.jpg', b'1'),
	(38, '10', '/product/10/1.jpg', b'0'),
	(39, '10', '/product/10/2.jpg', b'0'),
	(40, '10', '/product/10/3.jpg', b'0'),
	(41, '11', '/product/11/0.jpg', b'1'),
	(42, '11', '/product/11/1.jpg', b'0'),
	(43, '11', '/product/11/2.jpg', b'0'),
	(44, '11', '/product/11/3.jpg', b'0'),
	(45, '12', '/product/12/0.jpg', b'1'),
	(46, '12', '/product/12/1.jpg', b'0'),
	(47, '12', '/product/12/2.jpg', b'0'),
	(48, '12', '/product/12/3.jpg', b'0'),
	(49, '13', '/product/13/0.jpg', b'1'),
	(50, '13', '/product/13/1.jpg', b'0'),
	(51, '13', '/product/13/2.jpg', b'0'),
	(52, '13', '/product/13/3.jpg', b'0'),
	(53, '14', '/product/14/0.jpg', b'1'),
	(54, '14', '/product/14/1.jpg', b'0'),
	(55, '14', '/product/14/2.jpg', b'0'),
	(56, '14', '/product/14/3.jpg', b'0'),
	(57, '15', '/product/15/0.jpg', b'1'),
	(58, '15', '/product/15/1.jpg', b'0'),
	(59, '15', '/product/15/2.jpg', b'0'),
	(60, '15', '/product/15/3.jpg', b'0'),
	(61, '16', '/product/16/0.jpg', b'1'),
	(62, '16', '/product/16/1.jpg', b'0'),
	(63, '16', '/product/16/2.jpg', b'0'),
	(64, '16', '/product/16/3.jpg', b'0'),
	(65, '17', '/product/17/0.jpg', b'1'),
	(66, '17', '/product/17/1.jpg', b'0'),
	(67, '17', '/product/17/2.jpg', b'0'),
	(68, '17', '/product/17/3.jpg', b'0'),
	(69, '18', '/product/18/0.jpg', b'1'),
	(70, '18', '/product/18/1.jpg', b'0'),
	(71, '18', '/product/18/2.jpg', b'0'),
	(72, '18', '/product/18/3.jpg', b'0'),
	(73, '19', '/product/19/0.jpg', b'1'),
	(74, '19', '/product/19/1.jpg', b'0'),
	(75, '19', '/product/19/2.jpg', b'0'),
	(76, '19', '/product/19/3.jpg', b'0'),
	(77, '20', '/product/20/0.jpg', b'1'),
	(78, '20', '/product/20/1.jpg', b'0'),
	(79, '20', '/product/20/2.jpg', b'0'),
	(80, '20', '/product/20/3.jpg', b'0'),
	(81, '21', '/product/21/0.jpg', b'1'),
	(82, '21', '/product/21/1.jpg', b'0'),
	(83, '21', '/product/21/2.jpg', b'0'),
	(84, '21', '/product/21/3.jpg', b'0'),
	(85, '22', '/product/22/0.jpg', b'1'),
	(86, '22', '/product/22/1.jpg', b'0'),
	(87, '22', '/product/22/2.jpg', b'0'),
	(88, '22', '/product/22/3.jpg', b'0'),
	(89, '23', '/product/23/0.jpg', b'1'),
	(90, '23', '/product/23/1.jpg', b'0'),
	(91, '23', '/product/23/2.jpg', b'0'),
	(92, '23', '/product/23/3.jpg', b'0'),
	(93, '24', '/product/24/0.jpg', b'1'),
	(94, '24', '/product/24/1.jpg', b'0'),
	(95, '24', '/product/24/2.jpg', b'0'),
	(96, '24', '/product/24/3.jpg', b'0'),
	(97, '25', '/product/25/0.jpg', b'1'),
	(98, '25', '/product/25/1.jpg', b'0'),
	(99, '25', '/product/25/2.png', b'0'),
	(100, '25', '/product/25/3.jpg', b'0'),
	(101, '26', '/product/26/0.jpg', b'1'),
	(102, '26', '/product/26/1.jpg', b'0'),
	(103, '26', '/product/26/2.jpg', b'0'),
	(104, '26', '/product/26/3.jpg', b'0'),
	(105, '27', '/product/27/0.jpg', b'1'),
	(106, '27', '/product/27/1.jpg', b'0'),
	(107, '27', '/product/27/2.jpg', b'0'),
	(108, '27', '/product/27/3.jpg', b'0'),
	(109, '28', '/product/28/0.jpg', b'1'),
	(110, '28', '/product/28/1.jpg', b'0'),
	(111, '28', '/product/28/2.jpg', b'0'),
	(112, '28', '/product/28/3.jpg', b'0'),
	(113, '29', '/product/29/0.jpg', b'1'),
	(114, '29', '/product/29/1.jpg', b'0'),
	(115, '29', '/product/29/2.jpg', b'0'),
	(116, '29', '/product/29/3.jpg', b'0'),
	(117, '30', '/product/30/0.jpg', b'1'),
	(118, '30', '/product/30/1.jpg', b'0'),
	(119, '30', '/product/30/2.jpg', b'0'),
	(120, '30', '/product/30/3.jpg', b'0'),
	(121, '31', '/product/31/0.jpg', b'1'),
	(122, '31', '/product/31/1.jpg', b'0'),
	(123, '31', '/product/31/2.jpg', b'0'),
	(124, '31', '/product/31/3.jpg', b'0'),
	(125, '32', '/product/32/0.jpg', b'1'),
	(126, '32', '/product/32/1.jpg', b'0'),
	(127, '32', '/product/32/2.jpg', b'0'),
	(128, '32', '/product/32/3.jpg', b'0'),
	(129, '33', '/product/33/0.jpg', b'1'),
	(130, '33', '/product/33/1.jpg', b'0'),
	(131, '33', '/product/33/2.jpg', b'0'),
	(132, '33', '/product/33/3.jpg', b'0'),
	(133, '34', '/product/34/0.jpg', b'1'),
	(134, '34', '/product/34/1.jpg', b'0'),
	(135, '34', '/product/34/2.jpg', b'0'),
	(136, '34', '/product/34/3.jpg', b'0'),
	(137, '35', '/product/35/0.jpg', b'1'),
	(138, '35', '/product/35/1.jpg', b'0'),
	(139, '35', '/product/35/2.jpg', b'0'),
	(140, '35', '/product/35/3.jpg', b'0'),
	(141, '36', '/product/36/0.jpg', b'1'),
	(142, '36', '/product/36/1.jpg', b'0'),
	(143, '36', '/product/36/2.jpg', b'0'),
	(144, '36', '/product/36/3.jpg', b'0'),
	(145, '37', '/product/37/0.jpg', b'1'),
	(146, '37', '/product/37/1.jpg', b'0'),
	(147, '37', '/product/37/2.jpg', b'0'),
	(148, '37', '/product/37/3.jpg', b'0'),
	(149, '38', '/product/38/0.jpg', b'1'),
	(150, '38', '/product/38/1.jpg', b'0'),
	(151, '38', '/product/38/2.jpg', b'0'),
	(152, '38', '/product/38/3.jpg', b'0'),
	(153, '39', '/product/39/0.jpg', b'1'),
	(154, '39', '/product/39/1.jpg', b'0'),
	(155, '39', '/product/39/2.jpg', b'0'),
	(156, '39', '/product/39/3.jpg', b'0'),
	(157, '40', '/product/40/0.jpg', b'1'),
	(158, '40', '/product/40/1.jpg', b'0'),
	(159, '40', '/product/40/2.jpg', b'0'),
	(160, '40', '/product/40/3.jpg', b'0'),
	(161, '41', '/product/41/0.jpg', b'1'),
	(162, '41', '/product/41/1.jpg', b'0'),
	(163, '41', '/product/41/2.jpg', b'0'),
	(164, '41', '/product/41/3.jpg', b'0'),
	(165, '42', '/product/42/0.jpg', b'1'),
	(166, '42', '/product/42/1.jpg', b'0'),
	(167, '42', '/product/42/2.jpg', b'0'),
	(168, '42', '/product/42/3.jpg', b'0'),
	(169, '43', '/product/43/0.jpg', b'1'),
	(170, '43', '/product/43/1.jpg', b'0'),
	(171, '43', '/product/43/2.jpg', b'0'),
	(172, '43', '/product/43/3.jpg', b'0'),
	(173, '44', '/product/44/0.jpg', b'1'),
	(174, '44', '/product/44/1.jpg', b'0'),
	(175, '44', '/product/44/2.jpg', b'0'),
	(176, '44', '/product/44/3.jpg', b'0'),
	(177, '45', '/product/45/0.jpg', b'1'),
	(178, '45', '/product/45/1.jpg', b'0'),
	(179, '45', '/product/45/2.jpg', b'0'),
	(180, '45', '/product/45/3.jpg', b'0'),
	(181, '46', '/product/46/0.jpg', b'1'),
	(182, '46', '/product/46/1.jpg', b'0'),
	(183, '46', '/product/46/2.jpg', b'0'),
	(184, '46', '/product/46/3.jpg', b'0'),
	(185, '47', '/product/47/0.jpg', b'1'),
	(186, '47', '/product/47/1.jpg', b'0'),
	(187, '47', '/product/47/2.jpg', b'0'),
	(188, '47', '/product/47/3.jpg', b'0'),
	(189, '48', '/product/48/0.jpg', b'1'),
	(190, '48', '/product/48/1.jpg', b'0'),
	(191, '48', '/product/48/2.jpg', b'0'),
	(192, '48', '/product/48/3.jpg', b'0'),
	(193, '49', '/product/49/0.jpg', b'1'),
	(194, '49', '/product/49/1.jpg', b'0'),
	(195, '49', '/product/49/2.jpg', b'0'),
	(196, '49', '/product/49/3.jpg', b'0'),
	(197, '50', '/product/50/0.jpg', b'1'),
	(198, '50', '/product/50/1.jpg', b'0'),
	(199, '50', '/product/50/2.jpg', b'0'),
	(200, '50', '/product/50/3.jpg', b'0'),
	(201, '51', '/product/51/0.jpg', b'1'),
	(202, '51', '/product/51/1.jpg', b'0'),
	(203, '51', '/product/51/2.jpg', b'0'),
	(204, '51', '/product/51/3.jpg', b'0'),
	(205, '52', '/product/52/0.jpg', b'1'),
	(206, '52', '/product/52/1.jpg', b'0'),
	(207, '52', '/product/52/2.jpg', b'0'),
	(208, '52', '/product/52/3.jpg', b'0'),
	(209, '53', '/product/53/0.jpg', b'1'),
	(210, '53', '/product/53/1.jpg', b'0'),
	(211, '53', '/product/53/2.jpg', b'0'),
	(212, '53', '/product/53/3.jpg', b'0'),
	(213, '54', '/product/54/0.jpg', b'1'),
	(214, '54', '/product/54/1.jpg', b'0'),
	(215, '54', '/product/54/2.jpg', b'0'),
	(216, '54', '/product/54/3.jpg', b'0'),
	(217, '55', '/product/55/0.jpg', b'1'),
	(218, '55', '/product/55/1.jpg', b'0'),
	(219, '55', '/product/55/2.jpg', b'0'),
	(220, '55', '/product/55/3.jpg', b'0'),
	(221, '56', '/product/56/0.jpg', b'1'),
	(222, '56', '/product/56/1.jpg', b'0'),
	(223, '56', '/product/56/2.jpg', b'0'),
	(224, '56', '/product/56/3.jpg', b'0'),
	(225, '57', '/product/57/0.jpg', b'1'),
	(226, '57', '/product/57/1.jpg', b'0'),
	(227, '57', '/product/57/2.jpg', b'0'),
	(228, '57', '/product/57/3.jpg', b'0'),
	(229, '58', '/product/58/0.jpg', b'1'),
	(230, '58', '/product/58/1.jpg', b'0'),
	(231, '58', '/product/58/2.jpg', b'0'),
	(232, '58', '/product/58/3.jpg', b'0'),
	(233, '59', '/product/59/0.jpg', b'1'),
	(234, '59', '/product/59/1.jpg', b'0'),
	(235, '59', '/product/59/2.jpg', b'0'),
	(236, '59', '/product/59/3.jpg', b'0'),
	(237, '60', '/product/60/0.jpg', b'1'),
	(238, '60', '/product/60/1.jpg', b'0'),
	(239, '60', '/product/60/2.jpg', b'0'),
	(240, '60', '/product/60/3.jpg', b'0'),
	(241, '61', '/product/61/0.jpg', b'1'),
	(242, '61', '/product/61/1.jpg', b'0'),
	(243, '61', '/product/61/2.jpg', b'0'),
	(244, '61', '/product/61/3.jpg', b'0'),
	(245, '62', '/product/62/0.jpg', b'1'),
	(246, '62', '/product/62/1.jpg', b'0'),
	(247, '62', '/product/62/2.jpg', b'0'),
	(248, '62', '/product/62/3.jpg', b'0'),
	(249, '63', '/product/63/0.jpg', b'1'),
	(250, '63', '/product/63/1.jpg', b'0'),
	(251, '63', '/product/63/2.jpg', b'0'),
	(252, '63', '/product/63/3.jpg', b'0'),
	(253, '64', '/product/64/0.jpg', b'1'),
	(254, '64', '/product/64/1.jpg', b'0'),
	(255, '64', '/product/64/2.jpg', b'0'),
	(256, '64', '/product/64/3.jpg', b'0'),
	(257, '65', '/product/65/0.jpg', b'1'),
	(258, '65', '/product/65/1.jpg', b'0'),
	(259, '65', '/product/65/2.jpg', b'0'),
	(260, '65', '/product/65/3.jpg', b'0'),
	(261, '66', '/product/66/0.jpg', b'1'),
	(262, '66', '/product/66/1.jpg', b'0'),
	(263, '66', '/product/66/2.jpg', b'0'),
	(264, '66', '/product/66/3.jpg', b'0'),
	(265, '67', '/product/67/0.jpg', b'1'),
	(266, '67', '/product/67/1.jpg', b'0'),
	(267, '67', '/product/67/2.jpg', b'0'),
	(268, '67', '/product/67/3.jpg', b'0'),
	(269, '68', '/product/68/0.jpg', b'1'),
	(270, '68', '/product/68/1.jpg', b'0'),
	(271, '68', '/product/68/2.jpg', b'0'),
	(272, '68', '/product/68/3.jpg', b'0'),
	(273, '69', '/product/69/0.jpg', b'1'),
	(274, '69', '/product/69/1.jpg', b'0'),
	(275, '69', '/product/69/2.jpg', b'0'),
	(276, '69', '/product/69/3.jpg', b'0'),
	(277, '70', '/product/70/0.jpg', b'1'),
	(278, '70', '/product/70/1.jpg', b'0'),
	(279, '70', '/product/70/2.jpg', b'0'),
	(280, '70', '/product/70/3.jpg', b'0'),
	(281, '71', '/product/71/0.jpg', b'1'),
	(282, '71', '/product/71/1.jpg', b'0'),
	(283, '71', '/product/71/2.jpg', b'0'),
	(284, '71', '/product/71/3.jpg', b'0'),
	(285, '72', '/product/72/0.jpg', b'1'),
	(286, '72', '/product/72/1.jpg', b'0'),
	(287, '72', '/product/72/2.jpg', b'0'),
	(288, '72', '/product/72/3.jpg', b'0'),
	(289, '73', '/product/73/0.jpg', b'1'),
	(290, '73', '/product/73/1.jpg', b'0'),
	(291, '73', '/product/73/2.jpg', b'0'),
	(292, '73', '/product/73/3.jpg', b'0'),
	(293, '74', '/product/74/0.jpg', b'1'),
	(294, '74', '/product/74/1.jpg', b'0'),
	(295, '74', '/product/74/2.jpg', b'0'),
	(296, '74', '/product/74/3.jpg', b'0'),
	(297, '75', '/product/75/0.jpg', b'1'),
	(298, '75', '/product/75/1.jpg', b'0'),
	(299, '75', '/product/75/2.jpg', b'0'),
	(300, '75', '/product/75/3.jpg', b'0'),
	(301, '76', '/product/76/0.jpg', b'1'),
	(302, '76', '/product/76/1.jpg', b'0'),
	(303, '76', '/product/76/2.jpg', b'0'),
	(304, '76', '/product/76/3.jpg', b'0'),
	(305, '77', '/product/77/0.jpg', b'1'),
	(306, '77', '/product/77/1.jpg', b'0'),
	(307, '77', '/product/77/2.jpg', b'0'),
	(308, '77', '/product/77/3.jpg', b'0'),
	(309, '78', '/product/78/0.jpg', b'1'),
	(310, '78', '/product/78/1.jpg', b'0'),
	(311, '78', '/product/78/2.jpg', b'0'),
	(312, '78', '/product/78/3.jpg', b'0'),
	(313, '79', '/product/79/0.jpg', b'1'),
	(314, '79', '/product/79/1.jpg', b'0'),
	(315, '79', '/product/79/2.jpg', b'0'),
	(316, '79', '/product/79/3.jpg', b'0'),
	(317, '80', '/product/80/0.jpg', b'1'),
	(318, '80', '/product/80/1.jpg', b'0'),
	(319, '80', '/product/80/2.jpg', b'0'),
	(320, '80', '/product/80/3.jpg', b'0'),
	(321, '81', '/product/81/0.jpg', b'1'),
	(322, '81', '/product/81/1.jpg', b'0'),
	(323, '81', '/product/81/2.jpg', b'0'),
	(324, '81', '/product/81/3.jpg', b'0'),
	(325, '82', '/product/82/0.jpg', b'1'),
	(326, '82', '/product/82/1.jpg', b'0'),
	(327, '82', '/product/82/2.jpg', b'0'),
	(328, '82', '/product/82/3.jpg', b'0'),
	(329, '83', '/product/83/0.jpg', b'1'),
	(330, '83', '/product/83/1.jpg', b'0'),
	(331, '83', '/product/83/2.jpg', b'0'),
	(332, '83', '/product/83/3.jpg', b'0'),
	(333, '84', '/product/84/0.jpg', b'1'),
	(334, '84', '/product/84/1.jpg', b'0'),
	(335, '84', '/product/84/2.jpg', b'0'),
	(336, '84', '/product/84/3.jpg', b'0'),
	(337, '85', '/product/85/0.jpg', b'1'),
	(338, '85', '/product/85/1.jpg', b'0'),
	(339, '85', '/product/85/2.jpg', b'0'),
	(340, '85', '/product/85/3.jpg', b'0'),
	(341, '86', '/product/86/0.jpg', b'1'),
	(342, '86', '/product/86/1.jpg', b'0'),
	(343, '86', '/product/86/2.jpg', b'0'),
	(344, '86', '/product/86/3.jpg', b'0'),
	(345, '87', '/product/87/0.jpg', b'1'),
	(346, '87', '/product/87/1.jpg', b'0'),
	(347, '87', '/product/87/2.jpg', b'0'),
	(348, '87', '/product/87/3.jpg', b'0'),
	(349, '88', '/product/88/0.jpg', b'1'),
	(350, '88', '/product/88/1.jpg', b'0'),
	(351, '88', '/product/88/2.jpg', b'0'),
	(352, '88', '/product/88/3.jpg', b'0'),
	(353, '89', '/product/89/0.jpg', b'1'),
	(354, '89', '/product/89/1.jpg', b'0'),
	(355, '89', '/product/89/2.jpg', b'0'),
	(356, '89', '/product/89/3.jpg', b'0'),
	(357, '90', '/product/90/0.jpg', b'1'),
	(358, '90', '/product/90/1.jpg', b'0'),
	(359, '90', '/product/90/2.jpg', b'0'),
	(360, '90', '/product/90/3.jpg', b'0'),
	(361, '91', '/product/91/0.jpg', b'1'),
	(362, '91', '/product/91/1.jpg', b'0'),
	(363, '91', '/product/91/2.jpg', b'0'),
	(364, '91', '/product/91/3.jpg', b'0'),
	(365, '92', '/product/92/0.jpg', b'1'),
	(366, '92', '/product/92/1.jpg', b'0'),
	(367, '92', '/product/92/2.jpg', b'0'),
	(368, '92', '/product/92/3.jpg', b'0'),
	(369, '93', '/product/93/0.jpg', b'1'),
	(370, '93', '/product/93/1.jpg', b'0'),
	(371, '93', '/product/93/2.jpg', b'0'),
	(372, '93', '/product/93/3.jpg', b'0'),
	(373, '94', '/product/94/0.jpg', b'1'),
	(374, '94', '/product/94/1.jpg', b'0'),
	(375, '94', '/product/94/2.jpg', b'0'),
	(376, '94', '/product/94/3.jpg', b'0'),
	(377, '95', '/product/95/0.jpg', b'1'),
	(378, '95', '/product/95/1.jpg', b'0'),
	(379, '95', '/product/95/2.jpg', b'0'),
	(380, '95', '/product/95/3.jpg', b'0'),
	(381, '96', '/product/96/0.jpg', b'1'),
	(382, '96', '/product/96/1.jpg', b'0'),
	(383, '96', '/product/96/2.jpg', b'0'),
	(384, '96', '/product/96/3.jpg', b'0'),
	(385, '97', '/product/97/0.jpg', b'1'),
	(386, '97', '/product/97/1.jpg', b'0'),
	(387, '97', '/product/97/2.jpg', b'0'),
	(388, '97', '/product/97/3.jpg', b'0'),
	(389, '98', '/product/98/0.jpg', b'1'),
	(390, '98', '/product/98/1.jpg', b'0'),
	(391, '98', '/product/98/2.jpg', b'0'),
	(392, '98', '/product/98/3.jpg', b'0'),
	(393, '99', '/product/99/0.jpg', b'1'),
	(394, '99', '/product/99/1.jpg', b'0'),
	(395, '99', '/product/99/2.jpg', b'0'),
	(396, '99', '/product/99/3.jpg', b'0'),
	(397, '100', '/product/100/0.jpg', b'1'),
	(398, '100', '/product/100/1.jpg', b'0'),
	(399, '100', '/product/100/2.jpg', b'0'),
	(400, '100', '/product/100/3.jpg', b'0'),
	(401, '', '', NULL);

-- Dumping structure for table project_ltw_tester.key_reports
CREATE TABLE IF NOT EXISTS `key_reports` (
  `id` bigint(20) unsigned NOT NULL AUTO_INCREMENT,
  `user_id` int(11) NOT NULL,
  `status` varchar(20) COLLATE utf8mb4_general_ci NOT NULL,
  `created_date` timestamp NOT NULL,
  `resolved_date` timestamp NULL DEFAULT NULL,
  PRIMARY KEY (`id`),
  UNIQUE KEY `id` (`id`),
  KEY `user_id` (`user_id`),
  CONSTRAINT `key_reports_ibfk_1` FOREIGN KEY (`user_id`) REFERENCES `accounts` (`id`)
) ENGINE=InnoDB AUTO_INCREMENT=4 DEFAULT CHARSET=utf8mb4 COLLATE=utf8mb4_general_ci;

-- Dumping data for table project_ltw_tester.key_reports: ~2 rows (approximately)
INSERT INTO `key_reports` (`id`, `user_id`, `status`, `created_date`, `resolved_date`) VALUES
	(1, 30, 'Approved', '2024-12-17 08:11:30', '2024-12-17 08:11:50'),
	(2, 30, 'Approved', '2024-12-18 03:18:42', '2024-12-18 03:19:14'),
	(3, 30, 'Approved', '2024-12-23 05:56:38', '2024-12-23 06:00:03');

-- Dumping structure for table project_ltw_tester.log
CREATE TABLE IF NOT EXISTS `log` (
  `id` int(11) NOT NULL AUTO_INCREMENT,
  `ip` varchar(50) COLLATE utf8mb4_general_ci DEFAULT NULL,
  `level` varchar(50) COLLATE utf8mb4_general_ci DEFAULT NULL,
  `address` varchar(50) COLLATE utf8mb4_general_ci DEFAULT NULL,
  `preValue` varchar(50) CHARACTER SET utf8mb4 COLLATE utf8mb4_bin DEFAULT NULL,
  `value` varchar(50) CHARACTER SET utf8mb4 COLLATE utf8mb4_bin DEFAULT NULL,
  `date` date DEFAULT NULL,
  `country` varchar(50) COLLATE utf8mb4_general_ci DEFAULT NULL,
  `status` char(50) COLLATE utf8mb4_general_ci DEFAULT NULL,
  PRIMARY KEY (`id`)
) ENGINE=InnoDB AUTO_INCREMENT=3104 DEFAULT CHARSET=utf8mb4 COLLATE=utf8mb4_general_ci;

-- Dumping data for table project_ltw_tester.log: ~30 rows (approximately)
INSERT INTO `log` (`id`, `ip`, `level`, `address`, `preValue`, `value`, `date`, `country`, `status`) VALUES
	(3074, '0:0:0:0:0:0:0:1', 'INFO', 'quan123', '', 'Login successful', '2024-12-18', '', 'SUCCESS'),
	(3075, '0:0:0:0:0:0:0:1', 'INFO', 'quan123', '', 'Login successful', '2024-12-18', '', 'SUCCESS'),
	(3076, '0:0:0:0:0:0:0:1', 'INFO', 'quan123', '', 'Login successful', '2024-12-18', '', 'SUCCESS'),
	(3077, '0:0:0:0:0:0:0:1', 'WARNING', 'quan123', '', 'Login attempt failed: wrong username or password', '2024-12-18', '', 'FAILED'),
	(3078, '0:0:0:0:0:0:0:1', 'INFO', 'quan123', '', 'Login successful', '2024-12-18', '', 'SUCCESS'),
	(3079, '0:0:0:0:0:0:0:1', 'INFO', 'quan123', '', 'Login successful', '2024-12-18', '', 'SUCCESS'),
	(3080, '0:0:0:0:0:0:0:1', 'INFO', 'quan123', '', 'Login successful', '2024-12-18', '', 'SUCCESS'),
	(3081, '0:0:0:0:0:0:0:1', 'INFO', 'quan123', '', 'Login successful', '2024-12-22', '', 'SUCCESS'),
	(3082, '0:0:0:0:0:0:0:1', 'INFO', 'quan123', '', 'Login successful', '2024-12-22', '', 'SUCCESS'),
	(3083, '0:0:0:0:0:0:0:1', 'INFO', 'quan123', '', 'Login successful', '2024-12-22', '', 'SUCCESS'),
	(3084, '0:0:0:0:0:0:0:1', 'INFO', 'quan1234', '', 'Login successful', '2024-12-22', '', 'SUCCESS'),
	(3085, '0:0:0:0:0:0:0:1', 'INFO', 'quan1234', '', 'Login successful', '2024-12-22', '', 'SUCCESS'),
	(3086, '0:0:0:0:0:0:0:1', 'INFO', 'quan1234', '', 'Login successful', '2024-12-22', '', 'SUCCESS'),
	(3087, '0:0:0:0:0:0:0:1', 'INFO', 'quan123', '', 'Login successful', '2024-12-22', '', 'SUCCESS'),
	(3088, '0:0:0:0:0:0:0:1', 'INFO', 'quan123', '', 'Login successful', '2024-12-22', '', 'SUCCESS'),
	(3089, '0:0:0:0:0:0:0:1', 'INFO', 'quan123', '', 'Login successful', '2024-12-22', '', 'SUCCESS'),
	(3090, '0:0:0:0:0:0:0:1', 'INFO', 'quan123', '', 'Login successful', '2024-12-22', '', 'SUCCESS'),
	(3091, '0:0:0:0:0:0:0:1', 'INFO', '76 Đại học Nông Lâm', '', 'Order placed successfully', NULL, '', 'SUCCESS'),
	(3092, '0:0:0:0:0:0:0:1', 'INFO', 'quan123', '', 'Login successful', '2024-12-22', '', 'SUCCESS'),
	(3093, '0:0:0:0:0:0:0:1', 'INFO', 'quan123', '', 'Login successful', '2024-12-23', '', 'SUCCESS'),
	(3094, '0:0:0:0:0:0:0:1', 'INFO', 'quan123', '', 'Login successful', '2024-12-23', '', 'SUCCESS'),
	(3095, '0:0:0:0:0:0:0:1', 'INFO', '76 Đại học Nông Lâm', '', 'Order placed successfully', NULL, '', 'SUCCESS'),
	(3096, '0:0:0:0:0:0:0:1', 'INFO', '72 Đại học Nông Lâm', '', 'Order placed successfully', NULL, '', 'SUCCESS'),
	(3097, '0:0:0:0:0:0:0:1', 'INFO', '72 Đại học Nông Lâm', '', 'Order placed successfully', NULL, '', 'SUCCESS'),
	(3098, '0:0:0:0:0:0:0:1', 'INFO', 'quan123', '', 'Login successful', '2024-12-23', '', 'SUCCESS'),
	(3099, '0:0:0:0:0:0:0:1', 'INFO', 'quan123', '', 'Login successful', '2024-12-23', '', 'SUCCESS'),
	(3100, '0:0:0:0:0:0:0:1', 'INFO', 'quan123', '', 'Login successful', '2024-12-23', '', 'SUCCESS'),
	(3101, '0:0:0:0:0:0:0:1', 'INFO', 'quan1234', '', 'Login successful', '2024-12-23', '', 'SUCCESS'),
	(3102, '0:0:0:0:0:0:0:1', 'INFO', 'quan123', '', 'Login successful', '2024-12-23', '', 'SUCCESS'),
	(3103, '0:0:0:0:0:0:0:1', 'INFO', 'quan1234', '', 'Login successful', '2024-12-23', '', 'SUCCESS');

-- Dumping structure for table project_ltw_tester.orders
CREATE TABLE IF NOT EXISTS `orders` (
  `id` varchar(50) COLLATE utf8mb4_general_ci NOT NULL,
  `address` varchar(255) COLLATE utf8mb4_general_ci DEFAULT NULL,
  `numberPhone` varchar(255) COLLATE utf8mb4_general_ci NOT NULL DEFAULT '',
  `status` int(11) NOT NULL,
  `dateBuy` date DEFAULT NULL,
  `dateArrival` date DEFAULT NULL,
  `idAccount` int(11) DEFAULT NULL,
  `is_verified` int(11) NOT NULL DEFAULT '0',
  PRIMARY KEY (`id`) USING BTREE,
  KEY `FK__accounts` (`idAccount`) USING BTREE,
  CONSTRAINT `FK_orders_accounts` FOREIGN KEY (`idAccount`) REFERENCES `accounts` (`id`) ON DELETE SET NULL ON UPDATE CASCADE
) ENGINE=InnoDB DEFAULT CHARSET=utf8mb4 COLLATE=utf8mb4_general_ci;

-- Dumping data for table project_ltw_tester.orders: ~41 rows (approximately)
INSERT INTO `orders` (`id`, `address`, `numberPhone`, `status`, `dateBuy`, `dateArrival`, `idAccount`, `is_verified`) VALUES
	('OR01', '72 Đại học Nông Lâm', '0909102800', 2, '2024-12-15', '2024-12-22', 3006, 0),
	('OR010', '72 Đại học Nông Lâm', '0784274866', 0, '2024-12-23', '2024-12-30', 3006, 0),
	('OR011', '72 Đại học Nông Lâm', '0784274866', 0, '2025-10-21', NULL, 22, 0),
	('OR012', '72 Đại học Nông Lâm', '0909102800', 0, '2025-10-21', '2025-11-06', 20, 0),
	('OR013', '72 Đại học Nông Lâm', '0909102800', 0, '2025-10-21', '2025-11-06', 3006, 0),
	('OR014', '72 Đại học Nông Lâm', '0909102800', 0, '2025-10-21', '2025-11-06', 20, 0),
	('OR015', '72 Đại học Nông Lâm', '0909102800', 0, '2025-10-21', '2025-11-06', 22, 0),
	('OR016', '72 Đại học Nông Lâm', '0909102800', 0, '2025-10-22', '2025-11-07', NULL, 0),
	('OR017', '72 Đại học Nông Lâm', '0909102800', 0, '2025-10-22', '2025-11-07', NULL, 0),
	('OR018', '72 Đại học Nông Lâm', '0909102800', 0, '2025-10-22', '2025-11-07', NULL, 0),
	('OR02', '72 Đại học Nông Lâm', '0784274866', 0, '2024-12-17', '2024-12-24', 23, 0),
	('OR020', '', '', 0, '2025-10-22', '2025-11-07', NULL, 0),
	('OR021', '', '', 0, '2025-10-22', '2025-11-07', NULL, 0),
	('OR022', '', '', 0, '2025-10-26', '2025-11-11', NULL, 0),
	('OR023', '', '', 0, '2025-10-29', '2025-11-14', NULL, 0),
	('OR024', '', '', 0, '2025-10-30', '2025-11-15', NULL, 0),
	('OR025', 'Chung cư Bcons plaza', '', 1, '2025-10-30', '2025-11-06', 3006, 0),
	('OR026', 'Chung cư Bcons plaza', '', 0, '2025-10-30', '2025-11-06', 3006, 0),
	('OR027', '', '', 0, '2025-10-30', '2025-11-15', NULL, 0),
	('OR028', 'Chung cư Bcons plaza', '', 0, '2025-10-30', '2025-11-06', 3006, 0),
	('OR029', '', '', 0, '2025-11-03', '2025-11-19', NULL, 0),
	('OR03', '76 Đại học Nông Lâm', '0784274866', 0, '2024-12-17', '2024-12-24', 22, 0),
	('OR030', '', '', 0, '2025-11-04', '2025-11-20', NULL, 0),
	('OR031', '', '', 0, '2025-11-04', '2025-11-20', NULL, 0),
	('OR032', '', '', 0, '2025-11-04', '2025-11-20', NULL, 0),
	('OR033', '', '', 0, '2025-11-04', '2025-11-20', NULL, 0),
	('OR034', 'Chung cư Bcons plaza', '', 0, '2025-11-04', '2025-11-11', 3006, 1),
	('OR04', '76 Đại học Nông Lâm', '0784274866', 0, '2024-12-17', '2024-12-24', 20, 0),
	('OR05', '76 Đại học Nông Lâm', '0784274866', 0, '2024-12-17', '2024-12-24', 20, 1),
	('OR06', '76 Đại học Nông Lâm', '0784274866', 2, '2024-12-17', '2024-12-24', 20, 1),
	('OR07', '76 Đại học Nông Lâm', '0924422456', 0, '2024-12-22', '2024-12-29', 20, 1),
	('OR08', '76 Đại học Nông Lâm', '0784274866', 0, '2024-12-23', '2024-12-30', 22, 0),
	('OR09', '72 Đại học Nông Lâm', '0784274866', 0, '2024-12-23', '2024-12-30', 22, 0),
	('OR251104171812917', 'P8JP+2X9, Quốc Toản, Trà Lĩnh, Cao Bằng, Việt Nam, Xã Quốc Toản, Huyện Quảng Hòa, Cao Bằng', '0836378744', 1, '2025-11-04', '2025-11-11', 3006, 1),
	('OR251117125829186', 'Phở 10 Di Linh, Thị trấn Di Linh, Huyện Di Linh, Lâm Đồng', '0836378744', 3, '2025-11-17', '2025-11-24', 3007, 1),
	('OR251211084552372', 'Phở 10 Di Linh, Xã Đăk Yă, Huyện Mang Yang, Gia Lai', '0924422456', 0, '2025-12-11', '2025-12-18', 3006, 0),
	('OR251211144522781', '10 , Xã Tú An, Thị xã An Khê, Gia Lai', '0924422456', 0, '2025-12-11', '2025-12-18', 3006, 0),
	('OR251211152347927', '10 cao bằng, Xã Thượng Hà, Huyện Bảo Lạc, Cao Bằng', '0924422456', 0, '2025-12-11', '2025-12-18', 3006, 0),
	('OR251211152558457', '10 cao bằng, Xã Yên Cường, Huyện Bắc Mê, Hà Giang', '0924422456', 1, '2025-12-11', '2025-12-18', 3006, 0),
	('OR251211152808726', '10 cao bằng, Xã Vĩnh Hảo, Huyện Bắc Quang, Hà Giang', '0924422456', 1, '2025-12-11', '2025-12-18', 3006, 0),
	('OR260108143534688', '10 cao bằng, Phường Tiến Thành, Thành phố Đồng Xoài, Bình Phước', '0924422456', 0, '2026-01-08', '2026-01-15', 3006, 0);

-- Dumping structure for table project_ltw_tester.products
CREATE TABLE IF NOT EXISTS `products` (
  `id` varchar(10) COLLATE utf8mb4_general_ci NOT NULL,
  `name` varchar(255) COLLATE utf8mb4_general_ci NOT NULL,
  `price` int(11) NOT NULL,
  `quantity` int(11) NOT NULL,
  `material` varchar(50) COLLATE utf8mb4_general_ci DEFAULT NULL,
  `size` varchar(50) COLLATE utf8mb4_general_ci DEFAULT NULL,
  `color` varchar(50) COLLATE utf8mb4_general_ci DEFAULT NULL,
  `gender` varchar(50) COLLATE utf8mb4_general_ci DEFAULT NULL,
  `status` int(11) DEFAULT NULL,
  `idCategory` int(11) NOT NULL,
  PRIMARY KEY (`id`) USING BTREE,
  KEY `FK__categorys` (`idCategory`) USING BTREE,
  CONSTRAINT `FK__categorys` FOREIGN KEY (`idCategory`) REFERENCES `categorys` (`id`)
) ENGINE=InnoDB DEFAULT CHARSET=utf8mb4 COLLATE=utf8mb4_general_ci;

-- Dumping data for table project_ltw_tester.products: ~101 rows (approximately)
INSERT INTO `products` (`id`, `name`, `price`, `quantity`, `material`, `size`, `color`, `gender`, `status`, `idCategory`) VALUES
	('1', 'Áo thun cotton cổ điển', 120000, 150, 'Cotton', 'S', 'Trắng', 'Nam', 1, 1),
	('10', 'Áo ba lỗ', 100000, 200, 'Cotton', 'S', 'Trắng', 'Nam', 1, 1),
	('100', 'Khăn choàng cashmere', 350000, 75, 'Cashmere', 'One Size', 'Xám', 'Nữ', 1, 13),
	('102', 'Quần jeans Levi\'s 501', 450000, 50, 'Denim 100% cotton', '32x32', 'Xanh đậm', 'Nam', 1, 2),
	('11', 'Áo blouse hoa', 150000, 80, 'Polyester', 'S', 'Hồng', 'Nữ', 1, 8),
	('12', 'Quần jeans lưng cao', 350000, 90, 'Denim co giãn', '28', 'Xanh đậm', 'Nữ', 1, 9),
	('13', 'Váy maxi', 420000, 60, 'Voan chiffon', 'M', 'Đỏ', 'Nữ', 1, 10),
	('14', 'Áo cardigan len', 280000, 70, 'Sợi acrylic', 'L', 'Kem', 'Nữ', 1, 11),
	('15', 'Chân váy bút chì', 200000, 85, 'Polyester', 'S', 'Đen', 'Nữ', 1, 12),
	('16', 'Khăn lụa', 120000, 150, 'Lụa', 'One Size', 'Đa màu', 'Nữ', 1, 13),
	('17', 'Áo croptop', 140000, 120, 'Cotton spandex', 'XS', 'Vàng', 'Nữ', 1, 8),
	('18', 'Quần ống rộng', 300000, 65, 'Linen', '30', 'Be', 'Nữ', 1, 9),
	('19', 'Đầm quấn', 380000, 55, 'Jersey', 'M', 'Xanh navy', 'Nữ', 1, 10),
	('2', 'Quần jeans dáng slim', 350000, 100, 'Denim', '32', 'Xanh', 'Nam', 1, 2),
	('20', 'Áo khoác denim', 450000, 45, 'Denim', 'L', 'Xanh nhạt', 'Nữ', 1, 14),
	('21', 'Áo thun in hình', 130000, 140, 'Cotton', 'M', 'Đen', 'Nam', 1, 1),
	('22', 'Quần jeans skinny', 350000, 95, 'Denim co giãn', '30', 'Đen', 'Nam', 1, 2),
	('23', 'Áo flannel caro', 180000, 70, 'Cotton flannel', 'L', 'Đỏ caro', 'Nam', 1, 3),
	('24', 'Quần tây suit', 380000, 40, 'Wool', '34', 'Xám than', 'Nam', 1, 4),
	('25', 'Áo sweater cổ tròn', 200000, 80, 'Cotton fleece', 'XL', 'Xanh lá', 'Nam', 1, 5),
	('26', 'Áo sơ mi denim', 220000, 80, 'Denim cotton', 'L', 'Xanh nhạt', 'Nam', 1, 3),
	('27', 'Quần jeans dáng boyfriend', 320000, 75, 'Denim cotton', '26', 'Xanh vừa', 'Nữ', 1, 9),
	('28', 'Đầm đen dự tiệc', 480000, 35, 'Polyester', 'M', 'Đen', 'Nữ', 1, 10),
	('29', 'Áo len cổ lọ', 250000, 60, 'Len cashmere blend', 'L', 'Xám', 'Nữ', 1, 11),
	('3', 'Áo sơ mi cổ điển', 180000, 80, 'Cotton blend', 'M', 'Xanh nhạt', 'Nam', 1, 3),
	('30', 'Chân váy chữ A', 180000, 90, 'Cotton', 'S', 'Hoa', 'Nữ', 1, 12),
	('31', 'Áo khoác da', 620000, 25, 'Da thật', 'M', 'Đen', 'Nam', 1, 15),
	('32', 'Áo sơ mi Oxford', 220000, 65, 'Cotton', 'L', 'Trắng', 'Nam', 1, 3),
	('33', 'Quần jogger', 170000, 110, 'Cotton blend', '32', 'Xanh navy', 'Nam', 1, 16),
	('34', 'Áo gió windbreaker', 350000, 50, 'Nylon', 'XL', 'Xanh dương', 'Nam', 1, 17),
	('35', 'Áo Henley', 150000, 85, 'Cotton', 'M', 'Xám nhạt', 'Nam', 1, 1),
	('36', 'Chân váy midi', 250000, 70, 'Vải xếp ly', 'M', 'Đỏ rượu', 'Nữ', 1, 12),
	('37', 'Áo blazer', 520000, 40, 'Polyester blend', 'L', 'Đen', 'Nữ', 0, 18),
	('38', 'Áo hai dây', 120000, 160, 'Lụa pha', 'S', 'Màu nude', 'Nữ', 1, 8),
	('39', 'Quần palazzo', 250000, 55, 'Viscose', '32', 'Đen', 'Nữ', 1, 9),
	('4', 'Áo blazer thời trang', 450000, 50, 'Wool blend', 'L', 'Xanh navy', 'Nam', 1, 4),
	('40', 'Đầm cocktail', 520000, 30, 'Satin', 'M', 'Xanh lục bảo', 'Nữ', 1, 10),
	('41', 'Áo khoác bomber', 520000, 45, 'Polyester', 'XL', 'Đen', 'Nam', 1, 15),
	('42', 'Quần short thun rút dây', 150000, 100, 'Cotton', '30', 'Xám', 'Nam', 1, 7),
	('43', 'Áo tay dài', 120000, 130, 'Cotton', 'M', 'Xanh navy', 'Nam', 1, 1),
	('44', 'Váy dạ hội dài', 520000, 25, 'Lụa satin', 'L', 'Đỏ', 'Nữ', 1, 10),
	('45', 'Áo khoác dáng dài', 620000, 35, 'Wool', 'XL', 'Be', 'Nữ', 1, 15),
	('46', 'Áo hoodie oversize', 250000, 120, 'Nỉ cotton', 'L', 'Xám', 'Nam', 1, 5),
	('47', 'Quần short kaki', 180000, 90, 'Kaki', '32', 'Be', 'Nam', 1, 7),
	('48', 'Áo phông form rộng', 130000, 140, 'Cotton', 'XL', 'Trắng', 'Nam', 1, 1),
	('49', 'Váy ôm body', 320000, 60, 'Polyester', 'M', 'Đen', 'Nữ', 1, 10),
	('5', 'Áo sơ mi sọc', 200000, 70, 'Cotton', 'L', 'Trắng sọc xanh', 'Nam', 1, 3),
	('50', 'Áo khoác phao', 620000, 40, 'Polyester cách nhiệt', 'XL', 'Đen', 'Nam', 1, 17),
	('51', 'Quần legging thể thao', 200000, 100, 'Spandex', 'S', 'Đen', 'Nữ', 1, 16),
	('52', 'Áo tanktop thể thao', 130000, 130, 'Polyester', 'M', 'Xám', 'Nữ', 1, 8),
	('53', 'Quần jeans rách gối', 300000, 80, 'Denim', '30', 'Xanh nhạt', 'Nam', 1, 2),
	('54', 'Áo sweater len dệt', 250000, 65, 'Acrylic', 'L', 'Be', 'Nữ', 1, 11),
	('55', 'Váy chữ A dáng ngắn', 200000, 95, 'Cotton', 'S', 'Hồng nhạt', 'Nữ', 1, 12),
	('56', 'Áo khoác thun zipper', 280000, 75, 'Nỉ cotton', 'XL', 'Đen', 'Nam', 1, 17),
	('57', 'Moto Jacket', 135000, 40, 'Faux Leather', 'M', 'Black', 'Women', 1, 14),
	('58', 'Đầm dự tiệc sequin', 520000, 30, 'Sequin', 'M', 'Bạc', 'Nữ', 1, 10),
	('59', 'Áo thun cổ tim', 140000, 110, 'Cotton', 'L', 'Xanh dương', 'Nam', 1, 1),
	('6', 'Quần Chino Cotton Twill Nam', 125000, 90, 'Cotton Twill', '34', 'Khaki', 'Men', 1, 2),
	('60', 'Áo khoác cardigan dáng dài', 300000, 60, 'Len dệt', 'Free size', 'Nâu', 'Nữ', 1, 11),
	('61', 'Quần tây ống đứng', 320000, 70, 'Polyester', '34', 'Đen', 'Nam', 1, 4),
	('62', 'Áo hai dây crop', 100000, 150, 'Cotton spandex', 'S', 'Trắng', 'Nữ', 1, 8),
	('63', 'Váy midi xếp ly', 300000, 50, 'Voan', 'M', 'Xanh pastel', 'Nữ', 1, 12),
	('64', 'Áo polo tay ngắn', 180000, 100, 'Cotton piqué', 'L', 'Xanh navy', 'Nam', 1, 1),
	('65', 'Áo khoác kaki', 350000, 55, 'Kaki', 'XL', 'Nâu đậm', 'Nam', 1, 15),
	('66', 'Quần Jogger Cotton Blend Nữ', 85000, 75, 'Cotton Blend', '26', 'Gray', 'Women', 1, 9),
	('67', 'Đầm Bodycon Spandex Blend Nữ', 98000, 65, 'Spandex Blend', 'S', 'Black', 'Women', 1, 10),
	('68', 'Áo Hoodie Cotton Fleece Nữ', 125000, 70, 'Cotton Fleece', 'L', 'Navy', 'Women', 1, 11),
	('69', 'Chân Váy Xếp Tầng Chiffon Nữ', 95000, 85, 'Chiffon', 'M', 'White', 'Women', 1, 12),
	('7', 'Hoodie Cotton Fleece Nam', 115000, 75, 'Cotton Fleece', 'L', 'Gray', 'Men', 1, 5),
	('70', 'Nón Bucket Cotton Nữ', 45000, 180, 'Cotton', 'One Size', 'Black', 'Women', 1, 13),
	('71', 'Áo Ren Nữ', 89000, 90, 'Lace', 'S', 'White', 'Women', 1, 8),
	('72', 'Áo Phông Kẻ Cotton Nữ', 58000, 110, 'Cotton', 'M', 'Navy Stripe', 'Women', 1, 8),
	('73', 'Quần Jeans Skinny Cao Cấp Nữ', 145000, 75, 'Stretch Denim', '26', 'Black', 'Women', 1, 9),
	('74', 'Đầm Dạ Hội Satin Nữ', 285000, 20, 'Satin', 'M', 'Burgundy', 'Women', 1, 10),
	('75', 'Áo Len Coban Wool Blend Nữ', 135000, 65, 'Wool Blend', 'L', 'Beige', 'Women', 1, 11),
	('76', 'Chân Váy Mini Xếp Ly Polyester Nữ', 78000, 100, 'Polyester', 'S', 'Black', 'Women', 1, 12),
	('77', 'Thắt Lưng Da Thật Nữ', 65000, 150, 'Genuine Leather', 'One Size', 'Brown', 'Women', 1, 13),
	('78', 'Áo Khoác Phao Polyester Nữ', 198000, 50, 'Polyester Fill', 'M', 'Black', 'Women', 1, 14),
	('79', 'Áo Khoác Trench Cotton Blend Nữ', 258000, 35, 'Cotton Blend', 'L', 'Tan', 'Women', 1, 14),
	('8', 'V-Neck Sweater', 70000, 60, 'Cotton Twill', '34', 'Black', 'Men', 1, 2),
	('80', 'Áo Khoác Lộn Suede Nhân Tạo Nữ', 235000, 40, 'Faux Suede', 'M', 'Camel', 'Women', 1, 14),
	('81', 'Áo Phông Thể Thao Polyester Nam', 68000, 100, 'Polyester', 'L', 'Blue', 'Men', 1, 16),
	('82', 'Quần Ống Hẹp Cotton Twill Nam', 135000, 65, 'Cotton Twill', '32', 'Navy', 'Men', 1, 2),
	('83', 'Áo Sơ Mi Ca Rô Cotton Nam', 98000, 75, 'Cotton', 'M', 'Red Plaid', 'Men', 1, 3),
	('84', 'Áo Ghi Vest Bộ 3 Wool Blend Nam', 155000, 35, 'Wool Blend', 'L', 'Navy', 'Men', 1, 4),
	('85', 'Hoodie Kéo Khóa Cotton Fleece Nam', 115000, 90, 'Cotton Fleece', 'XL', 'Black', 'Men', 1, 5),
	('86', 'Áo Len Cổ Lớn Wool Blend Nam', 145000, 55, 'Wool Blend', 'L', 'Burgundy', 'Men', 1, 6),
	('87', 'Quần Bơi In Họa Tiết Polyester Nam', 85000, 85, 'Polyester', '32', 'Tropical Print', 'Men', 1, 7),
	('88', 'Áo Len Mock Neck Cotton Nam', 125000, 60, 'Cotton', 'M', 'Navy', 'Men', 1, 6),
	('89', 'Quần Shorts Utility Cotton Canvas Nam', 78000, 95, 'Cotton Canvas', '34', 'Tan', 'Men', 1, 7),
	('9', 'Cargo Shorts', 40000, 100, 'Cotton', '32', 'Olive', 'Men', 1, 6),
	('90', 'Áo Fleece Nửa Kéo Khóa Nam', 115000, 70, 'Fleece', 'L', 'Gray', 'Men', 1, 5),
	('91', 'Quần Shorts Co Giãn Spandex Nam', 68000, 85, 'Spandex Blend', 'M', 'Black', 'Men', 1, 16),
	('92', 'Áo Ba Lỗ Thể Thao Polyester Nam', 52000, 120, 'Polyester', 'L', 'Gray', 'Men', 1, 16),
	('93', 'Quần Shorts Chạy Bộ Polyester Nam', 78000, 95, 'Moisture-Wicking', '32', 'Navy', 'Men', 1, 16),
	('94', 'Hoodie Kéo Khóa Cotton Fleece Nam', 125000, 70, 'Cotton Fleece', 'XL', 'Charcoal', 'Men', 1, 5),
	('95', 'Áo Ghi Lót Nylon Nam', 155000, 55, 'Nylon', 'L', 'Olive', 'Men', 1, 17),
	('96', 'Áo Sơ Mi Smoking Cotton Blend Nam', 135000, 45, 'Cotton Blend', 'M', 'White', 'Men', 1, 4),
	('97', 'Áo Ghi Chính Thức Wool Blend Nam', 125000, 50, 'Wool Blend', 'L', 'Black', 'Men', 1, 4),
	('98', 'Quần Bơi Nam Quick-Dry Spandex', 65000, 100, 'Quick-Dry', 'M', 'Blue', 'Men', 1, 7),
	('99', 'Quần Shorts Linen Nam', 89000, 80, 'Linen', '32', 'Cream', 'Men', 1, 7);

-- Dumping structure for table project_ltw_tester.product_comments
CREATE TABLE IF NOT EXISTS `product_comments` (
  `id` int(11) NOT NULL AUTO_INCREMENT,
  `product_id` varchar(50) COLLATE utf8mb4_unicode_ci NOT NULL,
  `user_id` int(11) NOT NULL,
  `comment` text COLLATE utf8mb4_unicode_ci NOT NULL,
  `parent_id` int(11) DEFAULT NULL COMMENT 'For reply comments',
  `is_verified_purchase` tinyint(1) DEFAULT '0',
  `helpful_count` int(11) DEFAULT '0',
  `created_at` datetime DEFAULT CURRENT_TIMESTAMP,
  `updated_at` datetime DEFAULT CURRENT_TIMESTAMP ON UPDATE CURRENT_TIMESTAMP,
  `status` int(11) DEFAULT '1' COMMENT '0=deleted, 1=active, 2=pending approval',
  PRIMARY KEY (`id`),
  KEY `idx_product_id` (`product_id`),
  KEY `idx_user_id` (`user_id`),
  KEY `idx_parent_id` (`parent_id`),
  KEY `idx_status` (`status`),
  KEY `idx_created_at` (`created_at`)
) ENGINE=InnoDB AUTO_INCREMENT=9 DEFAULT CHARSET=utf8mb4 COLLATE=utf8mb4_unicode_ci;

-- Dumping data for table project_ltw_tester.product_comments: ~8 rows (approximately)
INSERT INTO `product_comments` (`id`, `product_id`, `user_id`, `comment`, `parent_id`, `is_verified_purchase`, `helpful_count`, `created_at`, `updated_at`, `status`) VALUES
	(1, '1', 3007, 'Sản phẩm rất tốt, chất lượng vượt mong đợi!', NULL, 1, 15, '2025-11-24 15:16:14', '2025-11-24 15:16:14', 1),
	(2, '1', 3007, 'Áo mặc rất thoải mái, chất vải mềm mại.', NULL, 1, 8, '2025-11-24 15:16:14', '2025-11-24 15:16:14', 1),
	(3, '1', 3007, 'Shop phục vụ tận tình, giá cả hợp lý!', NULL, 0, 4, '2025-11-24 15:16:14', '2025-12-01 09:53:39', 1),
	(4, '1', 3006, 'Sản phẩm rất tốt! Chất lượng vượt mong đợi, giao hàng nhanh chóng. Đóng gói cẩn thận. Rất hài lòng với lần mua này!', NULL, 0, 0, '2025-11-24 16:51:52', '2025-11-24 16:51:52', 1),
	(5, '1', 3006, 'Updated comment text', 1, 0, 0, '2025-11-24 16:53:28', '2025-11-26 11:19:09', 1),
	(6, '1', 3006, 'Test comment for update', NULL, 0, 0, '2025-11-26 11:18:39', '2025-11-26 11:18:39', 1),
	(7, '6', 3006, 'Cảm ơn bạn đã ủng hộ shop! Chúc bạn có trải nghiệm tuyệt vời với sản phẩm.', 1, 0, 0, '2025-11-26 11:33:35', '2025-11-26 11:34:49', 0),
	(8, '21', 3006, 'sản phẩm tốt', NULL, 0, 0, '2025-12-19 15:51:35', '2025-12-19 15:51:35', 1);

-- Dumping structure for table project_ltw_tester.product_ratings
CREATE TABLE IF NOT EXISTS `product_ratings` (
  `id` int(11) NOT NULL AUTO_INCREMENT,
  `productId` varchar(10) COLLATE utf8mb4_general_ci NOT NULL,
  `accountId` int(11) NOT NULL,
  `rating` int(11) NOT NULL,
  `dateRating` timestamp NOT NULL DEFAULT CURRENT_TIMESTAMP,
  PRIMARY KEY (`id`),
  UNIQUE KEY `unique_user_product_rating` (`productId`,`accountId`),
  KEY `FK_rating_product` (`productId`),
  KEY `FK_rating_user` (`accountId`),
  CONSTRAINT `FK_rating_product` FOREIGN KEY (`productId`) REFERENCES `products` (`id`) ON DELETE CASCADE,
  CONSTRAINT `FK_rating_user` FOREIGN KEY (`accountId`) REFERENCES `accounts` (`id`) ON DELETE CASCADE
) ENGINE=InnoDB AUTO_INCREMENT=30 DEFAULT CHARSET=utf8mb4 COLLATE=utf8mb4_general_ci;

-- Dumping data for table project_ltw_tester.product_ratings: ~3 rows (approximately)
INSERT INTO `product_ratings` (`id`, `productId`, `accountId`, `rating`, `dateRating`) VALUES
	(1, '28', 3006, 4, '2025-11-05 05:06:12'),
	(2, '13', 3006, 5, '2025-11-05 05:09:53'),
	(3, '48', 3007, 4, '2025-11-17 06:24:30');

-- Dumping structure for table project_ltw_tester.reviews
CREATE TABLE IF NOT EXISTS `reviews` (
  `id` int(11) NOT NULL AUTO_INCREMENT,
  `content` varchar(255) COLLATE utf8mb4_general_ci NOT NULL,
  `dateComment` date NOT NULL,
  `idProduct` varchar(10) COLLATE utf8mb4_general_ci NOT NULL,
  `idAccount` int(11) NOT NULL,
  PRIMARY KEY (`id`) USING BTREE,
  KEY `FK_reviews_products` (`idProduct`) USING BTREE,
  KEY `FK_reviews_accounts` (`idAccount`) USING BTREE,
  CONSTRAINT `FK_reviews_accounts` FOREIGN KEY (`idAccount`) REFERENCES `accounts` (`id`),
  CONSTRAINT `FK_reviews_products_2` FOREIGN KEY (`idProduct`) REFERENCES `products` (`id`)
) ENGINE=InnoDB AUTO_INCREMENT=4 DEFAULT CHARSET=utf8mb4 COLLATE=utf8mb4_general_ci;

-- Dumping data for table project_ltw_tester.reviews: ~0 rows (approximately)
INSERT INTO `reviews` (`id`, `content`, `dateComment`, `idProduct`, `idAccount`) VALUES
	(3, 'Sản phảm tốt, chất lượng', '2024-12-18', '10', 30);

-- Dumping structure for table project_ltw_tester.signature
CREATE TABLE IF NOT EXISTS `signature` (
  `id` int(11) NOT NULL AUTO_INCREMENT,
  `id_order` varchar(50) COLLATE utf8mb4_general_ci DEFAULT NULL,
  `id_user` int(11) DEFAULT NULL,
  `id_key` int(11) DEFAULT NULL,
  `Signature` text COLLATE utf8mb4_general_ci,
  `CreatedAt` timestamp NULL DEFAULT NULL,
  PRIMARY KEY (`id`),
  KEY `FK_signature_orders` (`id_order`),
  KEY `FK_signature_accounts` (`id_user`),
  KEY `FK_signaturekeys` (`id_key`),
  CONSTRAINT `FK_signature_accounts` FOREIGN KEY (`id_user`) REFERENCES `accounts` (`id`),
  CONSTRAINT `FK_signature_orders` FOREIGN KEY (`id_order`) REFERENCES `orders` (`id`),
  CONSTRAINT `FK_signaturekeys` FOREIGN KEY (`id_key`) REFERENCES `user_keys` (`id`)
) ENGINE=InnoDB AUTO_INCREMENT=32 DEFAULT CHARSET=utf8mb4 COLLATE=utf8mb4_general_ci;

-- Dumping data for table project_ltw_tester.signature: ~3 rows (approximately)
INSERT INTO `signature` (`id`, `id_order`, `id_user`, `id_key`, `Signature`, `CreatedAt`) VALUES
	(29, 'OR06', 30, 24, 'Z+NvLzupxY4T2HAjKnQpp0Yffo2mwHyx4PP5mMou39YmwcRAjyTQwOKI10RU8SLCpS/jTJe5xbQCJ8P0W6Lmt1q8b17bg/HhndYx1pxKA8+OVcKnEGSgXJKaIizfO+5AyjI7ybUEGYtwVsSyPgXR4Q5juobcZ8Cu29PxjWJHZNRAcmygjinWb/Aogh+mMtIcqmmvBV2TN/Pc+/o4HBTqNLq4sW3mIufb8UyF83v4r9sZUXoFBXCKzOOgH/a2536tgqm6QflNhgnkepNy1LxGEmBbL7uzO3lip1eRF+6xgAh+eyc036QUppT2iOGZzMEXBek8cqYr5zOr1LlJ555BOw==', '2024-12-22 14:19:56'),
	(30, 'OR07', 30, 24, '4WVWEcBgnoSM6/NHxZlx5mJT1rukfcS9Fe9AjIX1HifjL6ccD2N9kobnkMkNEkPFZ1iutVpgwcfG2XrtZtwoTqhVmstOngrndWft8+63eHgZUlgIw8xJshPNoDfubeZICBifWtGRwuO0flcpvUYabCZ2WcjoX9awHVfz5d2BJoygPmOUmpnvX1l/DXPNmKgqo5a0svK+ibVDxzXJu+/9qLRMnnujEwvjAQ1ih+kGnQbyQXdM08BnM5jEhh/cqG+aMM0xZZtfb7QBnz74f6mxwHT55UG9cKwywOAtwh2O7ITEkG0XLQ6xn+ITkYUxq/LbD/4as1N7TfplWP15fLxa1w==', '2024-12-22 14:58:54'),
	(31, 'OR05', 30, 25, 'e+voemM8ZhgxEjfS3HLHSMWus1Jea8aBzvoStxKiCVYFz9tpVFrZbkaZBa2mX1KFdc9fxZC8katz3pgTwVNH2P+0yGhWqBlYjY6dUtalKgWnJ6vT5syspmxsX5B9Hh7YwnMXKj02QiI+9xwepuwwmqZwmjYQy2Y/N/UiJN+TbKj8t8WeDjdNJe2c6y8ODw92bIsfXh0pcQpOFR80kga5JVfXMNWO0BStlRCSjI2fyjDhWJ50SfBAo6h/t9gielqHZ96NhgcPFdM9h4OqxlQuxLoCshovML9iri7mIBb0BKkUuxbSC+XEtK7EmFoJleJBwoHMss1UeE3BDTFhdPX1kg==', '2024-12-23 06:06:33');

-- Dumping structure for table project_ltw_tester.slider_imgs
CREATE TABLE IF NOT EXISTS `slider_imgs` (
  `id` int(11) NOT NULL AUTO_INCREMENT,
  `source` varchar(50) COLLATE utf8mb4_general_ci DEFAULT NULL,
  PRIMARY KEY (`id`)
) ENGINE=InnoDB AUTO_INCREMENT=6 DEFAULT CHARSET=utf8mb4 COLLATE=utf8mb4_general_ci;

-- Dumping data for table project_ltw_tester.slider_imgs: ~5 rows (approximately)
INSERT INTO `slider_imgs` (`id`, `source`) VALUES
	(1, '/assets/sliders/slider1.png'),
	(2, '/assets/sliders/slider2.png'),
	(3, '/assets/sliders/slider3.png'),
	(4, '/assets/sliders/slider4.png'),
	(5, '/assets/sliders/slider5.png');

-- Dumping structure for table project_ltw_tester.user_keys
CREATE TABLE IF NOT EXISTS `user_keys` (
  `id` int(11) NOT NULL AUTO_INCREMENT,
  `user_id` int(11) NOT NULL,
  `public_key` text COLLATE utf8mb4_general_ci NOT NULL,
  `is_active` tinyint(1) DEFAULT '1',
  `created_date` timestamp NULL DEFAULT NULL,
  `key_change_time` timestamp NULL DEFAULT CURRENT_TIMESTAMP,
  PRIMARY KEY (`id`),
  KEY `user_id` (`user_id`),
  CONSTRAINT `user_keys_ibfk_1` FOREIGN KEY (`user_id`) REFERENCES `accounts` (`id`)
) ENGINE=InnoDB AUTO_INCREMENT=26 DEFAULT CHARSET=utf8mb4 COLLATE=utf8mb4_general_ci;

-- Dumping data for table project_ltw_tester.user_keys: ~4 rows (approximately)
INSERT INTO `user_keys` (`id`, `user_id`, `public_key`, `is_active`, `created_date`, `key_change_time`) VALUES
	(21, 1, 'MIIBIjANBgkqhkiG9w0BAQEFAAOCAQ8AMIIBCgKCAQEAmKOphvvWLa+aKw2Ar+J8AX4DVpK8dC+6SCqwWAx8sGs0iBdU5y58fr+ACNFizHbqEIf8vzeVoFJQcKP5+yfuv0Lexd6HgwrwnkNPFjbMwu1yuief3cu8LydHBIV0GH9berbaQyOWfJcK2VY3lKJiavDPp7H+QqQIo0J9XSRoJemIQIOQj3jLsWjb7MuBkDGGMiYiM0i5ADg0To/lUhesvXd4UstKEytoXWtyH3LRcVrsmzoondctsENomcNcly0lU8nYSIzxxPteLSGJt0jBDmGXdOrZ2ObtN5SJDRLLUPUdXSb6EJFyozbLPhXHqrkK51Z1/azc8phpuYNsn8JYVwIDAQAB', 1, '2024-12-15 12:32:49', '2024-12-15 12:32:49'),
	(22, 30, 'MIIBIjANBgkqhkiG9w0BAQEFAAOCAQ8AMIIBCgKCAQEAnfLi5KhyvS7g0OmnyORJyql/QeNIJhZ+Ph/iDwo+MIMMFV1SCUgRD5N/x4OdVW1fZTBGMts2m8GFd2FaRM02RdSE6u+ka7G+XslOrdvXcjpS+D2nYencGhA17k63STBS2ypIj6yZGfMXTD4LF/wry2yGWjPzs3nBJORQ4vGvd6bI42B6hGRnGILlKZ1OEvqjLcNJIdRU3sZhaJna4Dpq+Jzy94ExbU+8WTawPK3FGiq+5epVZJbGq2kKIthBWSEfEtOcvLGJmR/BkuB/9ZbXsHLx18Htq8HUyv9TT0E3184+Q9t6W1APbiIsTnQLF2+C9ou0MPmQ7xTq4hhRDW9g+QIDAQAB', 0, '2024-12-17 08:11:09', '2024-12-17 08:11:09'),
	(23, 30, 'MIIBIjANBgkqhkiG9w0BAQEFAAOCAQ8AMIIBCgKCAQEArOwlvvem3HqS/WzlYct9HFBhWuQ5BLfxDucDZng/q3mpjGv9XGMXa6zbMbLUgFCAIsN8MUAi2n0u5qPGCHfVB8bZCXhB6w6Om+3G2Ugrvl+cChinDtXTBtJE98jmO1ohu0g0mDXG+XSYICL1efhIEqr8C7tC/LUxNfAv3twGLCr7cVnGRGqy4k0GR8gGRB30ehHALHV1cLKKO2k12cxn7T2Q6bBYTnR24OpvSO6yYO0NReshbZJL3UAxXgphnqdAMnVY5lg2xInOCRBd7BIUUdEBIXKLdGqhCii3Y+Mdfs4ixal2HEJ0XS/9rXyhvaTv1dB4bH4N+rvvNRyXumPf4wIDAQAB', 0, '2024-12-17 08:12:15', '2024-12-17 08:12:15'),
	(24, 30, 'MIIBIjANBgkqhkiG9w0BAQEFAAOCAQ8AMIIBCgKCAQEA7Xwx1CCAiJ2ZcZePvJu8v5thHY1+JJxo3TF1VHn5muQY8/75Kzq4lXBc8vXspG2I8RDtgAFusQU5TCYnmIQuqP2YuOJj6cb51HZE8YkgXMgjBgOqktUICy4m/r9qAI2AAL9s0liMsf24PgWTPtQxWte5wQvMN84mxY0DHtDXfvPFY3j3Qjh/77mDqFgEQ1ynS0szCnatslR3GcpIfiMM6oClASOfaCaVEsoA0AccblJwCVy9tjU8W/t2yv5FBjJn4fklK7zja/+rHb39QZ0vNeWerzyfnFHhb5hfe9FjXQ3pKVNo3bjpb+/aPakBvtovKy4eQZqsZ70szk03gpu9MwIDAQAB', 0, '2024-12-18 03:19:30', '2024-12-18 03:19:30'),
	(25, 30, 'MIIBIjANBgkqhkiG9w0BAQEFAAOCAQ8AMIIBCgKCAQEAuVkspNKylxUPrui+sH2291fP4Rfox36yI2fq6JFFQGUdrvbK4wymApevHN6iBjfGifj3pXMGShViDjXYgncnnUsYEn6rruaOzd0lxWFDQfcFTkHcCd27vv7SUuyHaZFrQPik6/X9l0owYN8KRUsfzLLpmwk/qWj4OM2HPgrpHB1eYZFrnKa0mxuca+Qax+rnjKHbdTNWRXNQC6tuKgc9Y8HsQ/FnN2opQBwBKA7vFd0JoC4CAqYClzEkPPY9fW2V/dEM3nUJG0o2LD1xZ7sML8fwmgZwkrjmEhs0OO6nSa7rvHJiyFYPHJcF06eI5LuWImSqymDShLjxQhBoM5eHeQIDAQAB', 1, '2024-12-23 06:00:12', '2024-12-23 06:00:12');

-- Dumping structure for table project_ltw_tester.verify_emails
CREATE TABLE IF NOT EXISTS `verify_emails` (
  `id` int(11) NOT NULL AUTO_INCREMENT,
  `code` varchar(50) COLLATE utf8mb4_general_ci DEFAULT NULL,
  `dateCreated` date DEFAULT NULL,
  `dateExpired` date DEFAULT NULL,
  `status` bit(1) DEFAULT NULL,
  `idAccount` int(11) DEFAULT NULL,
  PRIMARY KEY (`id`) USING BTREE,
  KEY `FK_vertify_email_accounts` (`idAccount`) USING BTREE,
  CONSTRAINT `FK_vertify_email_accounts` FOREIGN KEY (`idAccount`) REFERENCES `accounts` (`id`)
) ENGINE=InnoDB AUTO_INCREMENT=12 DEFAULT CHARSET=utf8mb4 COLLATE=utf8mb4_general_ci;

-- Dumping data for table project_ltw_tester.verify_emails: ~3 rows (approximately)
INSERT INTO `verify_emails` (`id`, `code`, `dateCreated`, `dateExpired`, `status`, `idAccount`) VALUES
	(7, '3UNMkl94a2', '2025-09-25', '2025-09-26', b'1', 3006),
	(8, 'truAZXwyFp', '2025-09-29', '2025-09-30', b'0', 3006),
	(9, 'Ja09trDHns', '2025-09-29', '2025-09-30', b'0', 3006),
	(10, 'pSbsBQrVsD', '2025-10-22', '2025-10-23', b'0', 3006),
	(11, 'pNZ68joX6y', '2025-11-12', '2025-11-13', b'1', 3007);

-- Dumping structure for table project_ltw_tester.voucher
CREATE TABLE IF NOT EXISTS `voucher` (
  `Id` int(11) NOT NULL AUTO_INCREMENT,
  `name` varchar(50) COLLATE utf8mb4_general_ci DEFAULT NULL,
  `dateStart` date DEFAULT NULL,
  `dateEnd` date DEFAULT NULL,
  `discount` double DEFAULT NULL,
  PRIMARY KEY (`Id`)
) ENGINE=InnoDB DEFAULT CHARSET=utf8mb4 COLLATE=utf8mb4_general_ci;

-- Dumping data for table project_ltw_tester.voucher: ~0 rows (approximately)

/*!40103 SET TIME_ZONE=IFNULL(@OLD_TIME_ZONE, 'system') */;
/*!40101 SET SQL_MODE=IFNULL(@OLD_SQL_MODE, '') */;
/*!40014 SET FOREIGN_KEY_CHECKS=IFNULL(@OLD_FOREIGN_KEY_CHECKS, 1) */;
/*!40101 SET CHARACTER_SET_CLIENT=@OLD_CHARACTER_SET_CLIENT */;
/*!40111 SET SQL_NOTES=IFNULL(@OLD_SQL_NOTES, 1) */;
